date,open,high,low,close,volume,dividend
2024-02-15,165.0,167.0,162.0,166.5,1079807,0.0
2024-02-16,167.5,169.0,165.0,168.5,678950,0.0
2024-02-19,170.5,170.5,165.5,166.5,1092598,0.0
2024-02-20,165.5,167.0,163.0,165.0,1052641,0.0
2024-02-21,166.0,166.0,163.5,164.0,440600,0.0
2024-02-22,166.0,167.0,165.0,166.5,520434,0.0
2024-02-23,165.5,165.5,162.5,163.0,812104,0.0
2024-02-26,162.0,165.0,162.0,164.5,629797,0.0
2024-02-27,164.0,165.5,163.0,163.0,1238652,0.0
2024-02-29,163.0,165.0,162.0,164.5,705175,0.0
2024-03-01,166.0,168.0,163.5,167.5,1242499,0.0
2024-03-04,165.5,168.5,165.0,166.5,728657,0.0
2024-03-05,165.0,166.5,163.5,166.0,722300,0.0
2024-03-06,165.0,165.5,164.0,165.0,894827,0.0
2024-03-07,163.0,163.0,160.0,161.0,1390105,0.0
2024-03-08,160.0,162.5,159.0,161.5,1085222,0.0
2024-03-11,160.5,162.0,159.5,161.0,1004703,0.0
2024-03-12,161.5,163.0,160.5,162.5,883939,0.0
2024-03-13,161.0,163.0,161.0,162.0,623003,0.0
2024-03-14,163.0,167.5,162.0,166.0,1286419,0.0
2024-03-15,165.0,166.0,162.0,165.0,1846205,0.0
2024-03-18,166.5,167.0,163.0,165.0,1417461,0.0
2024-03-19,164.5,165.0,162.5,164.0,937538,0.0
2024-03-20,163.0,164.0,161.5,162.5,719574,0.0
2024-03-21,163.0,167.0,161.5,166.0,2675479,0.0
2024-03-22,162.5,162.5,159.0,161.5,1430400,0.0
2024-03-25,160.0,162.0,160.0,161.5,880975,0.0
2024-03-26,161.5,161.5,160.0,161.0,895490,0.0
2024-03-27,159.5,163.0,159.5,162.5,590227,0.0
2024-03-28,161.5,162.5,156.5,158.5,4260022,0.0
2024-03-29,158.5,162.0,157.0,160.5,1734688,0.0
2024-04-01,160.5,162.5,160.0,160.0,678298,0.0
2024-04-02,160.0,162.0,160.0,160.5,355160,0.0
2024-04-03,160.0,160.5,158.0,160.0,771664,0.0
2024-04-08,158.0,160.5,158.0,160.0,606259,0.0
2024-04-09,160.5,162.0,160.0,161.5,368420,0.0
2024-04-10,161.0,162.0,159.5,161.0,858477,0.0
2024-04-11,160.5,161.0,159.5,160.5,609613,0.0
2024-04-12,160.0,161.5,159.5,160.0,936338,0.0
2024-04-15,161.0,161.0,159.5,160.0,541849,0.0
2024-04-16,159.0,160.0,156.5,158.0,1518907,0.0
2024-04-17,157.0,160.0,156.5,157.5,1562623,0.0
2024-04-18,157.0,160.5,155.5,159.0,1362819,0.0
2024-04-19,154.0,157.0,152.0,155.5,3527036,0.0
2024-04-22,158.0,163.5,158.0,161.0,1286718,0.0
2024-04-23,160.5,161.5,160.0,160.5,629250,0.0
2024-04-24,160.5,162.5,160.0,161.5,601273,0.0
2024-04-25,160.0,160.5,158.0,158.5,907740,0.0
2024-04-26,158.0,161.5,158.0,160.5,615626,0.0
2024-04-29,161.0,164.5,161.0,163.0,1383851,0.0
2024-04-30,164.0,164.5,162.5,163.0,491659,0.0
2024-05-02,161.5,163.0,160.5,161.5,757192,0.0
2024-05-03,161.5,168.0,161.5,167.5,1710671,0.0
2024-05-06,167.5,168.0,165.0,165.5,671683,0.0
2024-05-07,165.0,167.5,165.0,165.0,344659,0.0
2024-05-08,166.0,166.0,163.0,165.0,493962,0.0
2024-05-09,164.0,165.5,161.5,161.5,799562,0.0
2024-05-10,163.0,163.5,161.5,162.0,647486,0.0
2024-05-13,162.5,162.5,160.0,160.0,873871,0.0
2024-05-14,160.0,161.5,159.5,159.5,778939,0.0
2024-05-15,159.5,160.5,157.0,159.0,1990600,0.0
2024-05-16,159.0,160.5,157.5,158.5,1873628,0.0
2024-05-17,157.0,160.5,157.0,160.0,1200427,0.0
2024-05-20,160.0,160.5,158.5,159.0,1098232,0.0
2024-05-21,159.5,159.5,155.0,155.5,1451895,0.0
2024-05-22,157.5,159.5,156.5,157.5,897121,0.0
2024-05-23,156.5,158.5,156.0,157.0,553520,0.0
2024-05-24,157.5,158.0,154.5,155.0,1451830,0.0
2024-05-27,154.5,154.5,152.5,152.5,1873321,0.0
2024-05-28,152.0,153.5,151.5,153.0,1628620,0.0
2024-05-29,152.0,153.0,150.5,151.0,1499642,0.0
2024-05-30,150.0,151.5,149.5,151.0,1333508,0.0
2024-05-31,149.5,153.5,149.0,152.5,1095146,0.0
2024-06-03,155.0,155.5,151.5,151.5,1153975,0.0
2024-06-04,150.5,153.5,150.0,152.5,796433,0.0
2024-06-05,151.5,153.5,151.5,152.0,777019,0.0
2024-06-06,152.0,153.5,149.5,151.0,1735895,0.0
2024-06-07,152.0,162.5,152.0,161.5,3533593,0.0
2024-06-11,158.0,161.5,158.0,159.0,1471133,0.0
2024-06-12,160.0,163.0,159.5,160.5,1119921,0.0
2024-06-13,162.0,162.5,159.5,159.5,1039094,0.0
2024-06-14,159.5,161.0,159.0,160.5,761638,0.0
2024-06-17,160.0,163.5,159.5,163.5,1461027,0.0
2024-06-18,163.0,165.0,161.5,164.0,1817690,0.0
2024-06-19,164.0,165.5,162.5,164.0,1909780,0.0
2024-06-20,164.5,165.5,163.0,165.0,1730448,0.0
2024-06-21,160.0,162.5,159.5,162.0,1496927,0.0
2024-06-24,162.0,165.0,161.0,163.5,896732,0.0
2024-06-25,165.0,165.5,162.5,165.0,935215,0.0
2024-06-26,164.5,164.5,160.0,160.5,1971837,0.0
2024-06-27,158.5,161.0,158.0,158.5,1180079,0.0
2024-06-28,151.5,156.0,146.5,155.0,3025674,0.0
2024-07-01,151.0,153.5,145.0,145.5,5274771,0.0
2024-07-02,146.0,146.5,142.0,142.5,2870773,0.0
2024-07-03,143.0,145.0,142.5,143.5,1839367,0.0
2024-07-04,143.0,144.5,141.0,142.0,1754053,0.0
2024-07-05,142.5,142.5,141.0,142.5,667526,0.0
2024-07-08,142.0,144.0,140.0,142.0,917387,0.0
2024-07-09,142.0,142.0,140.0,141.0,1558621,0.0
2024-07-10,140.5,141.0,135.0,137.0,3959133,0.0
2024-07-11,140.0,140.0,136.5,137.5,1853162,0.0
2024-07-12,140.0,144.5,138.5,142.0,2840585,0.0
2024-07-15,142.0,144.5,141.0,141.0,1747113,0.0
2024-07-16,142.0,143.5,140.5,143.0,1841576,0.0
2024-07-17,145.0,146.0,142.0,142.5,1701086,0.0
2024-07-18,144.0,145.5,142.0,143.5,2066281,0.0
2024-07-19,141.5,141.5,139.0,139.0,1926715,0.0
2024-07-22,140.0,140.0,137.0,138.0,1443681,0.0
2024-07-23,138.5,139.5,137.5,138.0,990422,0.0
2024-07-26,139.0,139.0,135.0,136.0,1833346,0.0
2024-07-29,140.0,140.0,136.5,136.5,1003120,0.0
2024-07-30,136.5,137.5,135.0,137.0,976683,0.0
2024-07-31,137.0,140.0,136.0,139.5,648078,0.0
2024-08-01,141.0,141.0,138.5,139.5,874922,0.0
2024-08-02,138.0,139.5,137.0,137.0,710021,0.0
2024-08-05,134.5,134.5,129.0,132.0,2281104,0.0
2024-08-06,138.5,138.5,129.5,132.0,1098683,0.0
2024-08-07,132.0,134.0,132.0,133.0,541560,0.0
2024-08-08,130.5,135.0,130.0,132.5,409346,0.0
2024-08-09,134.0,137.5,134.0,135.0,780177,0.0
2024-08-12,135.5,137.5,135.0,135.5,263583,0.0
2024-08-13,137.0,137.0,135.0,136.5,190074,0.0
2024-08-14,138.5,144.0,138.5,142.0,1455638,0.0
2024-08-15,142.5,143.5,140.5,141.0,221890,0.0
2024-08-16,143.5,144.5,142.0,142.5,519419,0.0
2024-08-19,143.5,143.5,142.0,142.5,370399,0.0
2024-08-20,143.0,143.0,141.5,142.5,201431,0.0
2024-08-21,143.5,143.5,141.5,141.5,221249,0.0
2024-08-22,143.0,143.5,142.0,143.5,235697,0.0
2024-08-23,143.5,144.5,142.0,144.0,319711,0.0
2024-08-26,144.0,145.5,142.5,144.0,693538,0.0
2024-08-27,143.0,145.0,143.0,144.0,152091,0.0
2024-08-28,145.0,147.0,145.0,146.5,477474,0.0
2024-08-29,145.0,147.0,144.0,146.5,716182,0.0
2024-08-30,146.0,146.5,145.5,145.5,368707,0.0
2024-09-02,146.5,146.5,142.5,142.5,434650,0.0
2024-09-03,142.0,143.0,141.0,141.5,342628,0.0
2024-09-04,135.0,140.5,135.0,138.0,1092645,0.0
2024-09-05,138.0,138.5,135.0,136.0,624138,0.0
2024-09-06,136.0,141.5,135.5,140.5,463505,0.0
2024-09-09,137.0,140.0,137.0,140.0,675184,0.0
2024-09-10,137.5,139.5,136.0,136.5,507274,0.0
2024-09-11,137.0,138.5,135.5,137.0,554807,0.0
2024-09-12,138.0,141.0,136.5,137.5,480961,0.0
2024-09-13,138.0,141.0,138.0,141.0,290394,0.0
2024-09-16,141.0,141.0,139.5,140.5,158490,0.0
2024-09-18,140.5,144.5,139.5,143.0,824775,0.0
2024-09-19,143.5,147.0,142.5,147.0,1425178,0.0
2024-09-20,150.0,157.0,150.0,156.5,3807122,0.0
2024-09-23,157.0,157.0,153.5,155.5,1154315,0.0
2024-09-24,155.5,155.5,152.0,152.5,683183,0.0
2024-09-25,155.0,156.0,153.0,154.0,725293,0.0
2024-09-26,155.0,155.5,151.5,151.5,650728,0.0
2024-09-27,154.5,155.0,152.0,153.5,671376,0.0
2024-09-30,155.0,157.0,153.5,155.5,1154729,0.0
2024-10-01,157.0,157.0,150.5,153.0,837855,0.0
2024-10-04,147.5,152.5,146.0,146.5,1789669,0.0
2024-10-07,148.0,149.0,146.0,147.0,887948,0.0
2024-10-08,146.0,146.0,143.0,144.0,2123671,0.0
2024-10-09,144.0,146.0,143.0,146.0,353315,0.0
2024-10-11,144.5,144.5,140.0,141.0,814759,0.0
2024-10-14,140.0,141.0,138.5,139.0,873780,0.0
2024-10-15,140.0,140.5,138.0,138.5,889211,0.0
2024-10-16,138.5,139.0,137.0,137.0,1065793,0.0
2024-10-17,138.5,141.5,138.5,141.0,1117063,0.0
2024-10-18,140.5,141.0,139.0,140.0,770526,0.0
2024-10-21,142.5,142.5,140.5,141.5,876368,0.0
2024-10-22,141.5,141.5,140.0,140.5,458750,0.0
2024-10-23,140.5,141.0,139.5,139.5,401138,0.0
2024-10-24,139.0,142.0,139.0,141.0,414056,0.0
2024-10-25,141.5,141.5,140.0,141.5,246008,0.0
2024-10-28,142.0,142.0,140.5,140.5,128986,0.0
2024-10-29,140.5,140.5,138.0,140.0,392376,0.0
2024-10-30,142.0,142.0,139.0,140.5,625061,0.0
2024-11-01,138.5,140.0,136.0,138.5,730898,0.0
2024-11-04,138.0,141.0,138.0,140.0,205799,0.0
2024-11-05,140.5,143.0,140.5,142.0,294406,0.0
2024-11-06,143.0,143.0,141.5,142.5,244586,0.0
2024-11-07,139.0,142.0,139.0,141.0,210985,0.0
2024-11-08,142.0,143.0,140.5,141.5,263231,0.0
2024-11-11,141.5,142.5,141.0,142.5,157910,0.0
2024-11-12,138.5,140.5,138.0,138.0,691555,0.0
2024-11-13,135.5,138.0,134.0,137.0,610038,0.0
2024-11-14,135.0,136.5,134.5,135.5,743010,0.0
2024-11-15,135.5,137.5,134.5,135.0,682501,0.0
2024-11-18,135.5,135.5,132.5,132.5,769976,0.0
2024-11-19,133.0,135.5,132.0,135.0,554494,0.0
2024-11-20,134.5,134.5,133.0,134.0,276120,0.0
2024-11-21,133.0,133.0,131.5,132.5,477957,0.0
2024-11-22,133.0,134.5,133.0,133.0,210578,0.0
2024-11-25,136.0,137.0,133.5,133.5,445493,0.0
2024-11-26,135.0,135.0,132.5,134.0,301468,0.0
2024-11-27,133.5,135.0,133.0,133.5,243928,0.0
2024-11-28,133.0,133.0,130.0,131.5,615124,0.0
2024-11-29,130.5,133.0,128.5,132.0,614421,0.0
2024-12-02,132.5,133.0,130.0,131.5,606671,0.0
2024-12-03,143.0,144.0,138.0,141.5,3058398,0.0
2024-12-04,140.0,141.5,139.5,141.0,974324,0.0
2024-12-05,140.0,140.0,137.5,139.0,902626,0.0
2024-12-06,138.5,138.5,136.0,136.5,502075,0.0
2024-12-09,135.5,136.5,134.0,135.0,339636,0.0
2024-12-10,138.5,140.5,138.0,139.5,831107,0.0
2024-12-11,140.5,140.5,137.5,138.5,674288,0.0
2024-12-12,138.5,141.0,138.0,141.0,705394,0.0
2024-12-13,139.0,140.0,138.5,139.0,172202,0.0
2024-12-16,139.0,140.0,138.5,139.5,324801,0.0
2024-12-17,139.5,141.5,139.0,139.5,536698,0.0
2024-12-18,139.5,144.0,139.0,143.0,834251,0.0
2024-12-19,139.5,142.5,139.5,141.5,474430,0.0
2024-12-20,138.5,138.5,131.0,132.5,2343405,0.0
2024-12-23,132.0,134.0,131.5,133.0,589352,0.0
2024-12-24,133.0,135.5,132.5,134.5,487971,0.0
2024-12-25,135.5,136.0,134.0,135.0,152554,0.0
2024-12-26,135.5,137.0,134.5,135.0,237941,0.0
2024-12-27,134.5,136.0,133.5,134.5,176182,0.0
2024-12-30,135.0,136.0,134.0,135.0,482757,0.0
2024-12-31,133.0,134.0,131.5,132.5,593781,0.0
2025-01-02,132.5,137.0,132.0,135.5,943418,0.0
2025-01-03,135.5,137.5,134.0,135.5,798369,0.0
2025-01-06,135.5,139.0,134.5,138.5,1238758,0.0
2025-01-07,138.5,140.0,136.0,137.5,741171,0.0
2025-01-08,136.5,138.5,136.5,137.0,407728,0.0
2025-01-09,136.5,137.5,133.5,134.5,466815,0.0
2025-01-10,132.5,134.5,132.0,133.5,425820,0.0
2025-01-13,131.0,131.0,128.0,130.0,882408,0.0
2025-01-14,132.5,133.0,129.0,129.0,517069,0.0
2025-01-15,130.5,130.5,128.0,128.5,696234,0.0
2025-01-16,130.5,131.0,128.5,130.0,733936,0.0
2025-01-17,130.0,130.5,128.0,128.5,635157,0.0
2025-01-20,128.5,129.0,128.0,129.0,188613,0.0
2025-01-21,128.5,128.5,126.5,128.0,333315,0.0
2025-01-22,128.5,130.5,128.0,129.5,598397,0.0
2025-02-03,130.5,130.5,126.0,128.0,1107654,0.0
2025-02-04,129.5,130.0,126.0,127.5,733016,0.0
2025-02-05,128.5,130.0,126.5,127.0,547114,0.0
2025-02-06,128.5,129.0,127.5,128.0,267906,0.0
2025-02-07,127.0,129.5,127.0,127.0,347547,0.0
2025-02-10,127.0,127.0,123.5,124.5,941679,0.0
2025-02-11,126.0,126.5,123.5,124.0,449782,0.0
2025-02-12,123.0,123.0,119.5,120.0,1618585,0.0
2025-02-13,121.0,122.0,118.5,121.0,1472120,0.0
2025-02-14,121.5,123.0,120.0,123.0,829798,0.0
2025-02-17,124.0,125.5,123.0,123.5,968819,0.0
2025-02-18,122.5,125.5,122.5,124.5,522572,0.0
2025-02-19,125.5,130.0,125.5,129.0,1371330,0.0
2025-02-20,129.0,130.5,128.5,129.5,1203345,0.0
2025-02-21,131.0,135.0,129.5,134.0,2035059,0.0
2025-02-24,133.0,136.0,132.5,135.5,669110,0.0
2025-02-25,135.0,137.0,134.0,136.5,860905,0.0
2025-02-26,136.0,140.0,135.5,140.0,1394608,0.0
2025-02-27,139.0,142.0,136.5,138.5,1887730,0.0
2025-03-03,137.5,139.5,136.0,139.0,659667,0.0
2025-03-04,134.5,137.5,133.0,136.5,860113,0.0
2025-03-05,134.5,137.5,134.5,136.0,514622,0.0
2025-03-06,136.5,138.5,136.5,137.5,668263,0.0
2025-03-07,135.5,137.0,134.5,135.5,465068,0.0
2025-03-10,136.5,138.5,135.0,136.5,739587,0.0
2025-03-11,133.0,135.5,132.0,133.0,787302,0.0
2025-03-12,132.0,135.5,132.0,134.0,439323,0.0
2025-03-13,135.0,135.0,130.5,132.0,677662,0.0
2025-03-14,133.5,134.0,131.0,133.0,591161,0.0
2025-03-17,132.0,132.0,129.0,130.5,600243,0.0
2025-03-18,133.0,135.5,130.5,133.5,702437,0.0
2025-03-19,133.0,134.5,130.5,132.0,964583,0.0
2025-03-20,133.5,134.5,131.5,132.5,552144,0.0
2025-03-21,130.0,132.5,128.0,132.0,1206107,0.0
2025-03-24,130.5,132.5,127.0,128.0,826755,0.0
2025-03-25,128.0,128.5,127.0,128.0,301268,0.0
2025-03-26,128.0,128.5,127.0,128.0,330024,0.0
2025-03-27,127.0,127.0,124.0,125.0,640894,0.0
2025-03-28,125.0,125.0,122.0,124.5,803541,0.0
2025-03-31,120.5,122.0,118.5,119.5,840688,0.0
2025-04-01,119.5,121.0,119.5,120.0,562545,0.0
2025-04-02,119.5,120.5,118.5,120.5,392033,0.0
2025-04-07,108.5,108.5,108.5,108.5,488849,0.0
2025-04-08,97.7,97.7,97.7,97.7,938896,0.0
2025-04-09,88.0,92.0,88.0,88.0,2395085,0.0
2025-04-10,96.8,96.8,96.8,96.8,784789,0.0
2025-04-11,99.0,104.5,96.4,104.5,1927193,0.0
2025-04-14,101.0,105.5,100.0,105.5,1407515,0.0
2025-04-15,107.0,109.5,105.5,107.5,772778,0.0
2025-04-16,108.0,108.0,104.0,106.5,1196543,0.0
2025-04-17,105.0,108.0,103.0,107.0,783536,0.0
2025-04-18,107.5,107.5,105.0,106.5,391327,0.0
2025-04-21,105.0,105.0,99.8,100.5,1362532,0.0
2025-04-22,102.0,103.5,101.0,102.5,906034,0.0
2025-04-23,103.5,107.0,103.5,106.0,702846,0.0
2025-04-24,106.0,108.5,104.5,105.5,1195374,0.0
2025-04-25,107.0,108.5,104.0,105.0,791294,0.0
2025-04-28,107.0,108.0,105.5,105.5,815889,0.0
2025-04-29,105.5,108.0,105.0,108.0,884889,0.0
2025-04-30,107.0,113.0,106.5,112.0,1629184,0.0
2025-05-02,112.5,113.0,110.5,112.0,808068,0.0
2025-05-05,112.0,112.0,107.0,107.0,1199062,0.0
2025-05-06,109.5,114.0,107.0,112.5,1329359,0.0
2025-05-07,114.5,119.0,113.5,114.5,1601966,0.0
2025-05-08,114.0,118.5,113.0,116.5,888988,0.0
2025-05-09,116.0,123.0,116.0,121.5,1323638,0.0
2025-05-12,122.5,123.0,120.0,121.0,433256,0.0
2025-05-13,121.0,125.5,121.0,123.0,898408,0.0
2025-05-14,124.0,125.5,122.5,124.0,753487,0.0
2025-05-15,123.5,125.5,122.5,123.5,433631,0.0
2025-05-16,126.0,126.0,123.0,123.5,699621,0.0
2025-05-19,123.0,124.5,120.0,122.0,627423,0.0
2025-05-20,124.0,124.0,120.0,121.0,851738,0.0
2025-05-21,122.5,125.0,122.5,124.5,558712,0.0
2025-05-22,123.0,124.5,121.0,122.5,482266,0.0
2025-05-23,122.5,124.5,122.5,123.5,251521,0.0
2025-05-26,123.0,124.5,122.5,123.0,679355,0.0
2025-05-27,122.5,123.5,119.5,120.5,749269,0.0
2025-05-28,121.0,122.0,119.0,122.0,753437,0.0
2025-05-29,123.0,125.5,120.5,121.0,1000742,0.0
2025-06-02,119.0,119.0,114.5,115.0,1349146,0.0
2025-06-03,116.5,118.0,114.0,116.5,1384945,0.0
2025-06-04,116.0,119.0,116.0,117.5,1150598,0.0
2025-06-05,116.0,118.5,116.0,117.5,659616,0.0
2025-06-06,117.5,122.5,117.5,120.0,663619,0.0
2025-06-09,122.0,125.5,120.5,123.0,1237506,0.0
2025-06-10,122.5,125.5,121.0,122.0,785259,0.0
2025-06-11,121.5,124.0,120.0,122.5,854674,0.0
2025-06-12,121.0,123.5,120.5,122.0,1081007,0.0
2025-06-13,121.0,122.5,118.0,122.5,1632355,0.0
2025-06-16,115.0,117.0,114.0,116.5,1472419,5.1
2025-06-17,118.0,124.0,117.5,124.0,1686991,0.0
2025-06-18,121.5,122.0,118.5,121.0,1059500,0.0
2025-06-19,119.0,119.0,116.0,116.5,1865473,0.0
2025-06-20,117.0,118.0,115.0,115.5,381389,0.0
2025-06-23,110.0,113.5,109.0,111.0,1098704,0.0
2025-06-24,113.5,115.0,109.5,114.5,1032382,0.0
2025-06-25,114.5,119.5,114.5,118.0,1033543,0.0
2025-06-26,115.0,118.0,113.0,114.5,1775459,0.0
2025-06-27,125.0,125.5,118.0,123.5,4100788,0.0
2025-06-30,122.5,124.0,121.0,124.0,2096331,0.0
2025-07-01,123.0,124.0,119.0,120.0,1350188,0.0
2025-07-02,119.5,121.0,116.5,118.5,1597146,0.0
2025-07-03,124.0,127.0,120.5,121.0,3587187,0.0
2025-07-04,120.5,123.0,120.0,120.5,1029369,0.0
2025-07-07,122.5,123.5,119.5,121.5,1044120,0.0
2025-07-08,122.0,122.0,119.5,120.0,793736,0.0
2025-07-09,119.0,120.0,117.5,119.5,741696,0.0
2025-07-10,119.0,120.0,117.5,118.0,335831,0.0
2025-07-11,119.5,123.5,118.0,122.5,750319,0.0
2025-07-14,121.5,122.0,119.5,120.5,366059,0.0
2025-07-15,119.0,122.0,116.5,118.0,844667,0.0
2025-07-16,117.0,121.0,116.5,119.0,496091,0.0
2025-07-17,121.0,123.0,120.0,121.0,742432,0.0
2025-07-18,123.0,123.0,118.5,120.0,868460,0.0
2025-07-21,121.5,122.5,120.0,120.0,846083,0.0
2025-07-22,121.5,121.5,117.0,117.5,873834,0.0
2025-07-23,118.0,121.5,117.0,121.0,1654347,0.0
2025-07-24,120.5,122.0,120.0,121.0,1060045,0.0
2025-07-25,120.0,122.5,118.0,119.0,1180177,0.0
2025-07-28,120.5,122.5,120.0,122.0,996922,0.0
2025-07-29,121.5,123.0,120.0,120.0,517538,0.0
2025-07-30,120.0,121.5,119.5,120.5,1011591,0.0
2025-07-31,120.0,120.0,117.5,119.5,1042190,0.0
2025-08-01,117.5,121.0,116.5,119.0,471419,0.0
2025-08-04,118.0,121.0,116.5,119.5,697109,0.0
2025-08-05,119.5,121.5,119.5,121.0,478292,0.0
2025-08-06,122.0,122.0,121.0,121.0,312407,0.0
2025-08-07,121.0,122.5,120.0,120.5,347059,0.0
2025-08-08,119.5,121.5,119.5,121.0,323600,0.0
2025-08-11,120.5,120.5,119.5,120.0,271949,0.0
2025-08-12,119.5,120.5,119.5,120.0,114820,0.0
2025-08-13,121.5,121.5,120.0,120.0,304299,0.0
2025-08-14,121.5,127.0,121.5,124.5,891369,0.0
2025-08-15,124.0,126.0,122.5,123.5,279968,0.0
2025-08-18,123.0,125.0,122.0,122.5,338626,0.0
2025-08-19,121.5,122.0,119.5,121.5,452877,0.0
2025-08-20,124.5,124.5,118.5,118.5,826244,0.0
2025-08-21,120.5,121.5,120.0,120.5,169630,0.0
2025-08-22,120.0,122.5,119.0,122.5,505747,0.0
2025-08-25,122.5,123.5,121.5,122.5,395398,0.0
2025-08-26,121.5,121.5,119.5,120.5,427296,0.0
2025-08-27,119.5,120.5,118.0,119.0,732325,0.0
2025-08-28,118.5,119.5,117.0,118.0,838175,0.0
2025-08-29,118.0,118.5,117.5,118.5,320855,0.0
2025-09-01,117.5,117.5,113.0,113.5,900702,0.0
2025-09-02,114.0,116.5,112.5,112.5,746412,0.0
2025-09-03,113.0,114.5,112.0,112.0,406399,0.0
2025-09-04,113.0,114.5,113.0,114.5,420553,0.0
2025-09-05,114.0,115.0,113.5,114.5,219742,0.0
2025-09-08,115.0,115.5,114.0,115.0,286012,0.0
2025-09-09,115.0,115.0,114.0,115.0,237072,0.0
2025-09-10,115.0,115.0,113.0,113.0,431793,0.0
2025-09-11,113.0,113.0,111.5,112.0,436946,0.0
2025-09-12,112.5,113.5,111.5,113.0,444981,0.0
2025-09-15,112.5,113.0,111.0,112.0,386501,0.0
2025-09-16,113.0,114.0,112.5,114.0,668803,0.0
2025-09-17,113.0,115.0,113.0,115.0,812567,0.0
2025-09-18,115.5,117.0,114.0,115.0,765587,0.0
2025-09-19,115.5,115.5,112.0,112.0,858337,0.0
2025-09-22,113.0,115.0,112.0,113.0,524084,0.0
2025-09-23,112.0,112.5,111.0,111.0,573073,0.0
2025-09-24,111.5,113.0,111.0,112.5,300051,0.0
2025-09-25,117.5,118.0,113.5,116.0,946798,0.0
2025-09-26,115.0,118.5,115.0,118.5,1214137,0.0
2025-09-30,119.5,123.5,118.5,122.5,1188288,0.0
2025-10-01,130.0,132.5,126.0,132.0,2812413,0.0
2025-10-02,131.5,134.0,131.0,133.5,1064999,0.0
2025-10-03,133.0,133.0,129.0,131.5,1093482,0.0
2025-10-07,133.5,134.5,131.5,133.5,1079624,0.0
2025-10-08,133.0,134.0,132.5,134.0,587253,0.0
2025-10-09,135.5,136.0,133.5,135.0,379010,0.0
2025-10-13,129.0,133.0,129.0,130.5,710300,0.0
2025-10-14,131.0,133.0,129.5,130.0,744552,0.0
2025-10-15,131.0,132.5,130.0,132.5,384983,0.0
2025-10-16,134.0,134.0,131.5,132.5,375331,0.0
2025-10-17,131.5,133.0,128.0,128.0,880333,0.0
2025-10-20,130.0,132.0,127.5,131.5,816231,0.0
2025-10-21,135.0,135.0,128.0,129.0,600425,0.0
2025-10-22,129.5,132.0,128.0,132.0,1001370,0.0
2025-10-23,131.0,133.0,131.0,132.0,619362,0.0
2025-10-27,130.0,131.0,126.5,129.0,1283821,0.0
2025-10-28,128.5,128.5,123.5,125.0,858829,0.0
2025-10-29,126.5,126.5,120.5,122.5,1368559,0.0
2025-10-30,121.5,123.5,120.5,122.0,1040072,0.0
2025-10-31,124.0,124.0,122.0,122.5,306150,0.0
2025-11-03,125.0,126.0,123.0,123.0,762377,0.0
2025-11-04,121.5,125.0,121.5,121.5,333723,0.0
2025-11-05,122.0,122.5,119.5,122.0,647534,0.0
2025-11-06,124.5,125.0,121.5,122.0,496815,0.0
2025-11-07,121.5,124.0,120.5,123.0,824342,0.0
2025-11-10,122.5,123.0,119.5,122.5,560692,0.0
2025-11-11,122.5,123.0,121.0,123.0,365407,0.0
2025-11-12,121.5,123.0,120.5,121.5,496367,0.0
2025-11-13,120.5,126.5,120.5,125.5,574551,0.0
2025-11-14,123.0,130.0,123.0,128.0,774022,0.0
2025-11-17,126.0,129.5,125.5,128.5,437507,0.0
2025-11-18,125.0,126.0,124.0,125.0,373275,0.0
2025-11-19,127.0,129.0,125.5,128.5,741857,0.0
2025-11-20,128.5,129.5,123.5,125.5,461961,0.0
2025-11-21,127.0,127.5,126.0,127.5,405761,0.0
2025-11-24,128.0,131.5,128.0,130.5,1137059,0.0
2025-11-25,129.0,129.5,125.5,126.0,546999,0.0
2025-11-26,127.0,130.5,127.0,129.0,611038,0.0
2025-11-27,127.5,130.0,127.5,128.5,292758,0.0
2025-11-28,129.0,130.0,127.5,128.0,437035,0.0
2025-12-01,127.0,129.5,126.5,127.0,283536,0.0
2025-12-02,127.5,129.5,127.0,129.5,239864,0.0
2025-12-03,130.0,130.0,127.5,128.5,259684,0.0
2025-12-04,129.5,129.5,128.0,129.0,188687,0.0
2025-12-05,128.5,128.5,123.0,124.5,838097,0.0
2025-12-08,124.5,126.0,122.5,124.0,606208,0.0
2025-12-09,122.5,126.0,122.5,123.5,365152,0.0
2025-12-10,123.0,125.0,123.0,123.0,241746,0.0
2025-12-11,123.5,123.5,119.5,120.0,567210,0.0
2025-12-12,121.5,125.0,121.5,123.0,608741,0.0
2025-12-15,121.5,123.0,120.5,121.5,396864,0.0
2025-12-16,119.5,123.0,119.5,120.5,403030,0.0
2025-12-17,123.0,124.0,120.5,120.5,357511,0.0
2025-12-18,120.5,123.0,120.0,121.5,473117,0.0
2025-12-19,120.5,121.5,120.0,121.0,422333,0.0
2025-12-22,120.0,120.5,118.5,119.5,548266,0.0
2025-12-23,118.5,118.5,114.5,115.5,763281,0.0
2025-12-24,115.0,115.0,113.5,114.5,479280,0.0
2025-12-26,115.0,115.0,111.5,111.5,758975,0.0
2025-12-29,111.5,113.0,111.0,111.0,601268,0.0
2025-12-30,111.0,116.0,108.0,114.5,2224131,0.0
2025-12-31,115.5,116.5,111.5,116.0,2701045,0.0
2026-01-02,117.0,117.5,112.5,112.5,2336929,0.0
2026-01-05,113.0,113.0,107.5,108.0,1391867,0.0
2026-01-06,108.0,109.0,106.0,106.0,1145235,0.0
2026-01-07,108.0,108.0,105.5,106.0,1082734,0.0
2026-01-08,106.5,111.0,106.0,110.0,1450823,0.0
2026-01-09,107.0,107.5,106.0,107.0,2078353,0.0
2026-01-12,106.0,106.0,104.0,105.0,1883161,0.0
2026-01-13,104.0,105.5,103.0,104.0,975183,0.0
2026-01-14,105.5,108.0,105.0,106.5,886918,0.0
2026-01-15,105.0,107.5,103.5,107.5,741694,0.0
2026-01-16,105.5,106.0,104.0,104.0,953847,0.0
2026-01-19,102.5,104.5,100.0,102.5,1664190,0.0
2026-01-20,101.0,102.5,98.6,101.0,1561428,0.0
2026-01-21,99.1,100.5,99.1,100.0,2201949,0.0
2026-01-22,100.5,100.5,99.2,99.5,1930709,0.0
2026-01-23,100.0,100.5,98.2,98.8,1809262,0.0
2026-01-26,98.8,98.8,95.2,95.3,2600741,0.0
2026-01-27,96.3,98.1,96.3,96.6,1997327,0.0
2026-01-28,97.0,97.2,94.7,94.7,2244803,0.0
2026-01-29,94.6,94.6,92.6,94.2,2081325,0.0
2026-01-30,94.5,95.1,92.4,94.0,1477708,0.0
2026-02-02,96.0,96.0,93.2,93.3,1243080,0.0
2026-02-03,93.5,95.4,92.6,92.7,927023,0.0
2026-02-04,92.8,94.5,92.8,93.2,725919,0.0
2026-02-05,94.3,97.9,94.1,94.3,1354266,0.0
2026-02-06,93.8,94.6,92.9,93.4,926202,0.0
2026-02-09,94.0,94.0,91.1,92.1,1828988,0.0
2026-02-10,92.2,92.9,91.2,92.8,1536865,0.0
2026-02-11,91.1,93.0,90.8,92.4,2493402,0.0
2026-02-23,91.0,94.6,90.3,94.2,2815041,0.0
2026-02-24,93.5,94.4,93.0,93.0,1634406,0.0
2026-02-25,93.3,95.5,93.3,95.0,2077657,0.0
2026-02-26,95.0,97.8,93.2,94.4,4863246,0.0
2026-03-02,91.0,93.8,90.8,93.0,2753878,0.0
2026-03-03,92.6,93.8,91.8,92.1,2037918,0.0
2026-03-04,91.0,92.9,90.2,92.4,2591127,0.0
2026-03-05,93.7,97.3,92.1,96.3,2589147,0.0
2026-03-06,93.8,93.8,90.2,90.9,3150937,0.0
2026-03-09,87.3,90.0,86.2,88.2,3197377,0.0
2026-03-10,90.3,91.0,87.3,88.6,1710093,0.0
2026-03-11,88.9,89.2,87.4,88.7,2282269,0.0
2026-03-12,87.5,88.4,86.9,87.0,2463473,0.0
2026-03-13,86.4,86.6,83.9,83.9,3281047,0.0
2026-03-16,83.9,84.4,82.2,83.5,1805878,0.0
2026-03-17,83.6,83.7,80.6,82.2,2911080,0.0
2026-03-18,83.3,84.5,81.9,84.2,1761535,0.0
2026-03-19,82.5,82.9,79.7,79.7,3086135,0.0
2026-03-20,79.6,81.4,79.3,80.8,989668,0.0
2026-03-23,79.3,81.2,78.7,79.6,1247596,0.0
2026-03-24,80.4,81.9,80.4,81.4,1281937,0.0
2026-03-25,83.3,83.3,80.9,82.0,947517,0.0
2026-03-26,82.7,82.7,80.8,80.9,947197,0.0
2026-03-27,80.0,81.1,80.0,81.1,715594,0.0
2026-03-30,79.5,81.3,79.5,80.7,1076577,0.0
2026-03-31,80.0,80.9,79.6,80.5,617118,0.0
2026-04-01,81.3,82.3,80.2,81.9,1202894,0.0
