date,foreign_net,trust_net,dealer_net
2015-01-05,2447000,147000,-49000
2015-01-06,-312000,160000,0
2015-01-07,-1638000,371000,-12000
2015-01-08,1416400,-305000,10000
2015-01-09,2201901,24000,9000
2015-01-12,1899000,697000,62000
2015-01-13,4039756,364000,-19000
2015-01-14,824700,10000,-15000
2015-01-15,1619400,40000,33000
2015-01-16,548349,-21000,-32186
2015-01-19,1380000,-4000,-5000
2015-01-20,-1135949,0,-40000
2015-01-21,1887850,0,-12000
2015-01-22,496158,10000,-17000
2015-01-23,789310,-398000,-9000
2015-01-26,-584827,-70000,-13000
2015-01-27,468000,-21000,-6000
2015-01-28,1410000,22000,-3000
2015-01-29,710000,0,-17000
2015-01-30,-1793000,-58000,57000
2015-02-02,-336000,-300000,15000
2015-02-03,-2561644,-137000,-10000
2015-02-04,-1988668,-240000,68860
2015-02-05,-245000,-120000,-37140
2015-02-06,168000,-172000,-9000
2015-02-09,713000,1000,-17000
2015-02-10,-260000,40000,64000
2015-02-11,117924,0,1000
2015-02-12,-894000,611000,0
2015-02-13,684099,342000,-32000
2015-02-24,2185190,0,-2000
2015-02-25,2155000,-10000,-95093
2015-02-26,743048,227000,46000
2015-03-02,946740,73000,24000
2015-03-03,1825847,-19000,8000
2015-03-04,627000,123000,2000
2015-03-05,133700,175000,-62781
2015-03-06,-1037500,-18000,-27000
2015-03-09,-406700,-85000,66000
2015-03-10,212548,41000,34454
2015-03-11,1661000,0,-31000
2015-03-12,481534,-130637,131000
2015-03-13,2226000,0,100000
2015-03-16,148780,3000,514000
2015-03-17,1264894,-7000,19907
2015-03-18,747080,0,109000
2015-03-19,1186424,55000,747000
2015-03-20,1745500,-327000,-17000
2015-03-23,36600,-57000,-31000
2015-03-24,691431,-3000,15000
2015-03-25,701000,-1000,57000
2015-03-26,189900,0,18000
2015-03-27,750693,43000,38000
2015-03-30,364260,0,12000
2015-03-31,2126000,0,41000
2015-04-01,114000,188000,118000
2015-04-02,1899509,0,-323000
2015-04-07,-661000,-7000,19000
2015-04-08,-1047286,-9000,67000
2015-04-09,763000,43000,-91000
2015-04-10,-1560000,-7000,54000
2015-04-13,-237000,510000,90000
2015-04-14,-1209100,-98000,14000
2015-04-15,-10070000,499000,-76000
2015-04-16,-4750000,-10000,140000
2015-04-17,-2864259,100000,27000
2015-04-20,-807487,-2000,4000
2015-04-21,241000,725000,-18000
2015-04-22,327000,-321000,8000
2015-04-23,1040191,-370000,-21000
2015-04-24,2098000,-67000,93000
2015-04-27,1549000,0,21000
2015-04-28,1276000,-2000,46000
2015-04-29,1063000,-3000,158000
2015-04-30,-152107,-1000,42000
2015-05-04,-185118,-156000,18000
2015-05-05,184200,0,-871000
2015-05-06,491000,465000,20000
2015-05-07,-400000,391000,10000
2015-05-08,-685080,126000,9000
2015-05-11,-650500,-28000,29000
2015-05-12,-1843000,0,82000
2015-05-13,-1126362,-146000,15000
2015-05-14,-1121221,3000,-32000
2015-05-15,-1600219,-58000,-147000
2015-05-18,-426000,0,-198000
2015-05-19,-48530,0,-13000
2015-05-20,-642000,0,-63000
2015-05-21,-2727304,-734000,-56000
2015-05-22,-852000,-300000,-5000
2015-05-25,-284000,0,8000
2015-05-26,141000,-130000,7000
2015-05-27,-737420,-40000,-3000
2015-05-28,-2179741,-36000,16000
2015-05-29,751007,-234000,-30000
2015-06-01,-1773000,-40000,22000
2015-06-02,-2361665,-28000,4000
2015-06-03,-842000,0,10000
2015-06-04,-3589000,886,11000
2015-06-05,-2884814,-4000,27000
2015-06-08,-967192,0,7000
2015-06-09,-50358,0,23000
2015-06-10,-908427,-250000,13000
2015-06-11,-1157300,-288000,21000
2015-06-12,-409558,-23000,197000
2015-06-15,-907000,-75000,7000
2015-06-16,-994110,0,27000
2015-06-17,-2238422,0,103000
2015-06-18,266259,24000,663000
2015-06-22,-577084,-63000,193000
2015-06-23,-261570,18000,95000
2015-06-24,-821050,-14000,221000
2015-06-25,-785837,43000,688000
2015-06-26,791000,15000,-194000
2015-06-29,1954350,-1000,-177000
2015-06-30,-245540,-45000,-177000
2015-07-01,2443899,0,-191000
2015-07-02,-455854,-135000,-52000
2015-07-03,292000,-100000,-19000
2015-07-06,501900,0,-11000
2015-07-07,352799,0,5000
2015-07-08,33000,0,60000
2015-07-09,-1206643,-4000,92000
2015-07-13,-1111055,-7000,-21000
2015-07-14,1674570,0,-72000
2015-07-15,-375665,-8000,-978000
2015-07-16,312734,0,-2000
2015-07-17,-513000,-2000,8000
2015-07-20,-1746723,-47000,14000
2015-07-21,-677000,0,13000
2015-07-22,-594496,0,57000
2015-07-23,331000,15500,70000
2015-07-24,525509,148000,53000
2015-07-27,-413000,509000,290000
2015-07-28,214666,130000,321568
2015-07-29,-1281566,-32000,-27000
2015-07-30,128000,128000,-154000
2015-07-31,634932,52000,-427000
2015-08-03,314348,16000,-152000
2015-08-04,1542693,24000,443000
2015-08-05,1523764,514000,159000
2015-08-06,-1306567,295000,88000
2015-08-07,61914,161000,-14000
2015-08-10,-161000,2000,-38000
2015-08-11,-969429,-66000,-240000
2015-08-12,-1278844,-12000,171000
2015-08-13,-149798,65000,10000
2015-08-14,-89682,-33000,1000
2015-08-17,-836545,1000,51000
2015-08-18,-931000,0,20000
2015-08-19,298142,-42000,-14000
2015-08-20,-718866,0,-58000
2015-08-21,-1226000,1414000,-22000
2015-08-24,-2744000,945000,83000
2015-08-25,-2279616,257700,45000
2015-08-26,-2742408,-4000,-23000
2015-08-27,-2414611,-111000,-86000
2015-08-28,-1520153,-53000,253000
2015-08-31,-2626915,31000,-78000
2015-09-01,649370,-104000,-56582
2015-09-02,382230,40000,-27000
2015-09-03,1181603,462000,-130000
2015-09-04,-1320070,212000,-55000
2015-09-07,89000,76000,-135000
2015-09-08,-1687000,6000,-13000
2015-09-09,-675420,-64000,12000
2015-09-10,575338,41000,4000
2015-09-11,181000,6000,-14000
2015-09-14,-1463000,3000,-8000
2015-09-15,-580000,3000,56000
2015-09-16,-739982,-264000,106000
2015-09-17,-932000,-322000,-18000
2015-09-18,3217110,-1277000,3000
2015-09-21,237110,-322624,-16600
2015-09-22,137442,327968,-5000
2015-09-23,-1577215,0,10000
2015-09-24,-173507,-28000,27000
2015-09-25,-874842,0,30000
2015-09-30,-2037857,-363000,7000
2015-10-01,-1193603,-493000,20000
2015-10-02,340659,-118000,0
2015-10-05,-2486989,-595000,-16000
2015-10-06,-93,-303000,20000
2015-10-07,-655041,-83000,0
2015-10-08,104386,0,-45000
2015-10-12,108423,0,10000
2015-10-13,-481785,-186000,-1000
2015-10-14,-330000,0,-7000
2015-10-15,-2180158,-219000,10000
2015-10-16,366000,4000,-206000
2015-10-19,-449915,10000,-54000
2015-10-20,659066,0,-2000
2015-10-21,-744000,0,56000
2015-10-22,37169,-47000,0
2015-10-23,304000,-68000,0
2015-10-26,1798000,-150000,0
2015-10-27,-443360,0,13000
2015-10-28,-175694,0,-1000
2015-10-29,-251101,0,0
2015-10-30,-782373,0,0
2015-11-02,-1319038,0,0
2015-11-03,-357460,-160000,-7000
2015-11-04,-820,35000,10000
2015-11-05,-367890,-17000,0
2015-11-06,-983000,0,-10000
2015-11-09,-832211,11000,0
2015-11-10,-3576000,-160000,0
2015-11-11,-977500,-13000,-9000
2015-11-12,-499000,-20000,2000
2015-11-13,-1861114,-276000,-5000
2015-11-16,-1480000,-81000,11000
2015-11-17,-935000,0,11000
2015-11-18,-935929,0,10000
2015-11-19,-441235,-562000,32000
2015-11-20,-295000,-167000,4394
2015-11-23,-387841,-101000,0
2015-11-24,-676456,-46000,0
2015-11-25,-5361000,0,-8000
2015-11-26,-5293682,-17000,-79000
2015-11-27,-413000,67000,6000
2015-11-30,-4402750,35000,5000
2015-12-01,361,0,35000
2015-12-02,-672002,0,40000
2015-12-03,-1657247,-67000,42000
2015-12-04,-2091165,0,39000
2015-12-07,-143975,-102000,41000
2015-12-08,-3473748,-89000,39000
2015-12-09,-1900000,0,34000
2015-12-10,-3983000,52000,43000
2015-12-11,-1883641,-59000,30000
2015-12-14,-1279459,71226,34000
2015-12-15,-1731724,0,34000
2015-12-16,-819752,300000,39000
2015-12-17,358854,0,34000
2015-12-18,-909037,-7000,34000
2015-12-21,-264751,0,34000
2015-12-22,-470246,-39000,41000
2015-12-23,-145752,-22000,33000
2015-12-24,-109488,0,33000
2015-12-25,-179000,-26000,34000
2015-12-28,199000,-25000,33000
2015-12-29,-473000,-5000,35000
2015-12-30,-699588,120000,39000
2015-12-31,311904,0,-25000
2016-01-04,-2886520,129000,-49000
2016-01-05,-2141750,67000,5000
2016-01-06,-2263977,-680000,-17000
2016-01-07,-1777099,-21000,80000
2016-01-08,-1581248,43000,-12000
2016-01-11,292144,-19000,-27000
2016-01-12,118000,200000,-75000
2016-01-13,-701478,0,0
2016-01-14,-407491,-38000,-53000
2016-01-15,-2229171,-21000,-72000
2016-01-18,-1724580,0,10000
2016-01-19,-280073,-31000,35000
2016-01-20,-802320,-521000,-76000
2016-01-21,-1767247,-11000,-42000
2016-01-22,1030475,0,-81000
2016-01-25,906186,-65000,-29000
2016-01-26,-1590752,8000,89000
2016-01-27,-27941,0,105000
2016-01-28,364420,-11000,90000
2016-01-29,82031,-81000,106000
2016-01-30,203500,-22000,72000
2016-02-01,-1946239,-18000,95000
2016-02-02,-775718,0,95000
2016-02-03,-719436,-100000,92000
2016-02-15,-1974843,67,47000
2016-02-16,539000,0,293000
2016-02-17,-98482,0,472000
2016-02-18,-751436,-12000,97000
2016-02-19,-2241415,0,98000
2016-02-22,-495060,0,-7000
2016-02-23,-151560,-250000,-22000
2016-02-24,-2152137,-16000,-54000
2016-02-25,45897,-100000,-4000
2016-02-26,714914,-244000,95000
2016-03-01,-475974,55000,-38000
2016-03-02,-216098,-90000,81000
2016-03-03,1856930,-11000,-13000
2016-03-04,-951105,0,45000
2016-03-07,1205051,-57000,-18000
2016-03-08,-329498,-1000,-80000
2016-03-09,-915214,-9000,3000
2016-03-10,117996,-2000,0
2016-03-11,1105652,-3000,-5000
2016-03-14,-40000,0,4000
2016-03-15,254631,0,1000
2016-03-16,-722000,-50000,148000
2016-03-17,2980312,0,18000
2016-03-18,-1177628,25000,53000
2016-03-21,1156873,-24000,-8000
2016-03-22,-59465,0,-80000
2016-03-23,464875,-255000,-17000
2016-03-24,-53000,0,-17000
2016-03-25,-215000,0,0
2016-03-28,223000,0,13000
2016-03-29,120700,-1000,28000
2016-03-30,2240000,-130000,1000
2016-03-31,692729,93000,-9000
2016-04-01,-990386,33000,-36000
2016-04-06,-2416813,33000,-37000
2016-04-07,-379096,-15000,-34000
2016-04-08,-43872,45000,-19000
2016-04-11,1210830,48000,-9000
2016-04-12,-293000,657000,-12000
2016-04-13,1364000,174000,-3000
2016-04-14,-563812,27000,28000
2016-04-15,2190664,-55000,20000
2016-04-18,1542000,240000,54000
2016-04-19,1216548,255000,51000
2016-04-20,673290,138000,147000
2016-04-21,97071,185000,135000
2016-04-22,770156,95000,-2000
2016-04-25,691255,63000,-80000
2016-04-26,930173,0,-28000
2016-04-27,-292000,41000,-19000
2016-04-28,-1088470,-9000,4000
2016-04-29,-615223,361000,136000
2016-05-03,-427094,676000,52000
2016-05-04,931313,118000,38000
2016-05-05,-1492875,-59000,103000
2016-05-06,-1045688,13000,53000
2016-05-09,555766,437000,-54000
2016-05-10,3705156,873740,108000
2016-05-11,653775,299000,40000
2016-05-12,1042000,0,53000
2016-05-13,-1437000,60000,103000
2016-05-16,176000,35000,49000
2016-05-17,521454,0,29000
2016-05-18,1587624,0,106000
2016-05-19,-1263131,0,-11000
2016-05-20,142659,-128000,20000
2016-05-23,-991077,-57000,-25000
2016-05-24,1051857,0,44000
2016-05-25,-115009,0,45000
2016-05-26,-1792000,-657000,45000
2016-05-27,920100,-837000,45000
2016-05-30,824748,-480000,18000
2016-05-31,909773,-632000,46000
2016-06-01,-301596,-644000,45000
2016-06-02,-74192,-489000,41000
2016-06-03,601000,0,43000
2016-06-04,-97000,-58000,44000
2016-06-06,804000,0,184000
2016-06-07,1244000,-1000,168000
2016-06-08,1989000,-11000,-10000
2016-06-13,686955,0,119000
2016-06-14,797237,0,84000
2016-06-15,1581017,0,233000
2016-06-16,-784300,13000,325000
2016-06-17,1767098,-19000,68000
2016-06-20,1030021,-3000,193000
2016-06-21,174606,-241000,334000
2016-06-22,1106982,0,685000
2016-06-23,1546000,0,444000
2016-06-24,-1369825,0,1158000
2016-06-27,811312,0,1114000
2016-06-28,117481,3000,1599000
2016-06-29,1500565,152000,1612000
2016-06-30,525033,54000,-1866000
2016-07-01,1287077,10000,-62000
2016-07-04,103000,0,-568000
2016-07-05,208480,-15000,62000
2016-07-06,556738,-15000,135000
2016-07-07,3348781,50000,82000
2016-07-11,2207356,65000,-56000
2016-07-12,982604,100000,16000
2016-07-13,5135911,0,-1009000
2016-07-14,721808,-22000,5000
2016-07-15,4593533,-5000,66000
2016-07-18,7756069,-95000,16000
2016-07-19,6306145,66000,13000
2016-07-20,7069013,7000,102000
2016-07-21,4497574,8000,-40000
2016-07-22,774673,19000,34000
2016-07-25,433000,-342000,44000
2016-07-26,1646862,23000,54000
2016-07-27,2683483,-242000,35000
2016-07-28,4757961,96000,53000
2016-07-29,552117,37632,45000
2016-08-01,1616319,0,-174000
2016-08-02,222180,27000,-1000
2016-08-03,720831,-244000,-37000
2016-08-04,-161000,-1000,-38000
2016-08-05,1209158,-2000,0
2016-08-08,2950420,32000,7000
2016-08-09,1382000,0,30000
2016-08-10,813890,27000,-26000
2016-08-11,2378000,-9000,-473000
2016-08-12,2624000,46000,8000
2016-08-15,639000,-7000,-8000
2016-08-16,-279000,-75000,-12000
2016-08-17,496503,0,-43000
2016-08-18,-20315,-2000,-13000
2016-08-19,-1968892,-14000,-34000
2016-08-22,-401000,-121000,-10000
2016-08-23,-554700,-5000,0
2016-08-24,1718434,-4000,2000
2016-08-25,541000,6000,-2000
2016-08-26,259338,0,2000
2016-08-29,-938742,-124000,-44000
2016-08-30,-122000,10000,-21000
2016-08-31,-1220076,0,-92000
2016-09-01,-303376,35000,-117000
2016-09-02,-133942,0,24000
2016-09-05,1180000,74000,8000
2016-09-06,-150749,0,1000
2016-09-07,1097174,130000,8000
2016-09-08,954085,7000,-2000
2016-09-09,-768000,0,-25000
2016-09-10,-887000,0,-149000
2016-09-12,-1048123,0,0
2016-09-13,-2566000,-2415,-16000
2016-09-14,-1834766,22000,0
2016-09-19,4852100,-170000,-15000
2016-09-20,-372320,0,-16000
2016-09-21,-239934,0,-91000
2016-09-22,769000,64000,-23000
2016-09-23,1143000,46000,32000
2016-09-26,-497000,0,0
2016-09-29,-808982,0,5000
2016-09-30,-1185353,22110,7000
2016-10-03,1294000,0,0
2016-10-04,751853,0,-3000
2016-10-05,557550,0,-4000
2016-10-06,96506,26000,-27000
2016-10-07,-1685888,-118000,0
2016-10-11,-694000,-22350,-27000
2016-10-12,-1502918,19000,23000
2016-10-13,-149500,-88000,-10000
2016-10-14,-1830264,-54000,24000
2016-10-17,-2542814,0,102000
2016-10-18,-1107324,66000,-4000
2016-10-19,-1383412,0,16000
2016-10-20,-720032,0,-22000
2016-10-21,-1086000,214000,-43000
2016-10-24,-2060000,15000,0
2016-10-25,-1152114,9000,-3000
2016-10-26,-1496305,0,0
2016-10-27,-2556609,60000,1000
2016-10-28,-2218000,100000,52000
2016-10-31,-2759929,-28000,69000
2016-11-01,-1553109,-320000,4000
2016-11-02,-2739817,-146,157000
2016-11-03,-2646030,-65000,28000
2016-11-04,-2113268,-54000,50000
2016-11-07,-766369,-2000,59000
2016-11-08,-690400,0,-4000
2016-11-09,-3179000,16000,-129000
2016-11-10,-2421804,0,24000
2016-11-11,-9078095,0,-1000
2016-11-14,-6480358,-3000,35000
2016-11-15,-9099681,38000,0
2016-11-16,-9359330,0,0
2016-11-17,-4494121,-21000,0
2016-11-18,-2856714,-81000,78000
2016-11-21,-3810369,0,-2000
2016-11-22,-3622986,0,-38000
2016-11-23,-2597025,-60000,-34000
2016-11-24,-4017748,-55000,-20000
2016-11-25,-1063791,-25000,-24000
2016-11-28,-690822,-149000,23456
2016-11-29,-3460024,-41000,3000
2016-11-30,-1668475,0,0
2016-12-01,-5589085,-126000,9000
2016-12-02,-3633591,0,-68520
2016-12-05,-4291471,-1000,5000
2016-12-06,-2847442,0,24000
2016-12-07,-1542330,44000,0
2016-12-08,206463,0,15000
2016-12-09,-4833271,0,0
2016-12-12,-4700130,0,39000
2016-12-13,-3161960,-6000,0
2016-12-14,-3249810,39000,0
2016-12-15,-1518000,0,9000
2016-12-16,-558249,-180000,21000
2016-12-19,-1159127,-34000,43000
2016-12-20,-742866,0,59000
2016-12-21,-2937500,-67000,227000
2016-12-22,-129860,-64000,-8000
2016-12-23,-646000,-14000,50000
2016-12-26,-74000,0,0
2016-12-27,503000,0,55000
2016-12-28,1144724,0,2000
2016-12-29,1961268,-31000,0
2016-12-30,1222893,50000,1000
2017-01-03,-344000,0,0
2017-01-04,820000,0,-11000
2017-01-05,-217600,-72000,-8000
2017-01-06,-2081000,-16000,0
2017-01-09,-1443758,0,-1000
2017-01-10,-1326000,0,0
2017-01-11,399552,-54000,0
2017-01-12,-350328,-28000,-2000
2017-01-13,510426,50000,0
2017-01-16,-1134453,0,0
2017-01-17,-834291,0,-5000
2017-01-18,-1789891,-18000,-89000
2017-01-19,-1999705,-46000,-18000
2017-01-20,-1468546,0,150000
2017-01-23,-253400,487,196000
2017-01-24,-1991310,0,50000
2017-02-02,-6662625,-306000,146000
2017-02-03,-2782778,1000,98000
2017-02-06,952841,-40000,-28000
2017-02-07,-2585954,-45000,-6000
2017-02-08,-3016041,77000,-47000
2017-02-09,129697,-47000,-15000
2017-02-10,-1170593,0,22000
2017-02-13,-1510533,0,-2000
2017-02-14,183282,0,-3000
2017-02-15,-1957692,-145000,17000
2017-02-16,-3827000,-70000,15000
2017-02-17,-8021019,0,0
2017-02-18,-232000,0,-6000
2017-02-20,-4230101,97000,120000
2017-02-21,-972691,0,17000
2017-02-22,-2333024,-22000,-4000
2017-02-23,-578000,20000,11000
2017-02-24,-3144377,-1000,-18000
2017-03-01,-5179987,-2000,-2000
2017-03-02,-2250869,-29000,-4000
2017-03-03,-2618341,-3000,-15000
2017-03-06,-2258765,0,-4000
2017-03-07,-164594,99000,1000
2017-03-08,-4504431,0,-12000
2017-03-09,-4623789,0,25000
2017-03-10,-2979209,-1000,7000
2017-03-13,-2323724,0,-36000
2017-03-14,-3832743,-37000,19000
2017-03-15,-1149124,20000,51000
2017-03-16,-1681386,0,138000
2017-03-17,-1438684,-259000,-60000
2017-03-20,-82268,-31000,-377000
2017-03-21,150649,-66000,-1016000
2017-03-22,-3096071,-37000,25000
2017-03-23,-2605839,-11000,-4000
2017-03-24,-1949536,-54000,-310000
2017-03-27,1180000,7000,-79000
2017-03-28,-1142000,6000,46000
2017-03-29,-1050384,135379,105000
2017-03-30,-502000,4865,0
2017-03-31,136000,4408,1000
2017-04-05,-1452939,153469,-8000
2017-04-06,-439000,-9000,13000
2017-04-07,-1740926,0,-5000
2017-04-10,-2419480,0,0
2017-04-11,-1950416,113000,0
2017-04-12,-3571457,0,0
2017-04-13,-2328000,1000,-18000
2017-04-14,-1689000,-6000,-310000
2017-04-17,-1043000,50000,-288000
2017-04-18,-1736000,0,-295000
2017-04-19,-6048228,3468,-278000
2017-04-20,-4136703,25000,4000
2017-04-21,-1981544,5000,-13000
2017-04-24,-1581199,55000,0
2017-04-25,-221732,-62,-4000
2017-04-26,-824758,-19000,0
2017-04-27,-479067,-13000,-3000
2017-04-28,-1269949,-58000,-1000
2017-05-02,-2353000,75000,-29000
2017-05-03,-393000,35000,-9000
2017-05-04,-286000,83790,-502000
2017-05-05,-1526600,53736,-8000
2017-05-08,606409,13000,-125000
2017-05-09,-1256528,-138000,-16350
2017-05-10,-1808600,-10000,-30000
2017-05-11,-349395,0,5000
2017-05-12,121164,-8000,-434000
2017-05-15,-1326600,134000,-141000
2017-05-16,-581540,390000,-596000
2017-05-17,-1131461,12000,-9000
2017-05-18,246400,-18500,-365000
2017-05-19,-786479,0,-163000
2017-05-22,-442650,0,-313000
2017-05-23,1436231,-8000,-2000
2017-05-24,-566905,18000,-356000
2017-05-25,-1236352,-3000,-493000
2017-05-26,-491270,-18000,-501000
2017-05-31,-896298,0,202000
2017-06-01,379209,0,-399000
2017-06-02,-334000,-13000,-100000
2017-06-03,0,-5000,-48000
2017-06-05,-112638,-5000,-1000
2017-06-06,-528080,-3000,-100891
2017-06-07,-253988,-5000,-257000
2017-06-08,-675000,0,-150000
2017-06-09,253358,-5000,-327000
2017-06-12,-1807036,0,-206000
2017-06-13,-4000,0,-195000
2017-06-14,-504400,0,-139000
2017-06-15,-440000,0,-223000
2017-06-16,962346,44000,-211000
2017-06-19,483200,-6000,-212000
2017-06-20,-284267,-13885,180000
2017-06-21,-69000,-10000,178000
2017-06-22,826144,0,93000
2017-06-23,-518505,-38000,0
2017-06-26,1693000,-157000,150000
2017-06-27,659019,-3000,22000
2017-06-28,652535,13145,62000
2017-06-29,210451,-2000,141000
2017-06-30,172205,-15000,30000
2017-07-03,966801,-110000,-38000
2017-07-04,-446435,-159000,-69000
2017-07-05,-354000,8000,199000
2017-07-06,-1345624,423000,-26000
2017-07-07,-884440,0,157000
2017-07-10,-1140277,-6000,399000
2017-07-11,150634,0,-466000
2017-07-12,1011240,-10936,-140000
2017-07-13,1306856,-42000,-36000
2017-07-14,-957281,-6000,-10000
2017-07-17,621485,-119844,-26000
2017-07-18,-15131,-129000,-19000
2017-07-19,-546557,0,63000
2017-07-20,323960,2000,-10000
2017-07-21,-293958,0,-40000
2017-07-24,517014,0,23000
2017-07-25,-459940,61000,-10000
2017-07-26,694291,31000,-179000
2017-07-27,751000,0,-109000
2017-07-28,-585579,0,-101000
2017-07-31,468104,-32000,-26000
2017-08-01,1352000,-5000,0
2017-08-02,534391,-3000,-8000
2017-08-03,-832230,4000,-9000
2017-08-04,-626000,4000,-30000
2017-08-07,-327744,3000,0
2017-08-08,-122000,1000,-4000
2017-08-09,-177200,4000,-136000
2017-08-10,259400,-7000,57000
2017-08-11,-381252,-1000,5000
2017-08-14,-561481,-1000,16000
2017-08-15,-241000,102000,-26000
2017-08-16,-324000,-19000,-231000
2017-08-17,298064,1000,-38000
2017-08-18,-611678,0,-6000
2017-08-21,52000,-1000,-66000
2017-08-22,-125000,-201000,0
2017-08-23,-484000,25000,-234000
2017-08-24,-264929,2000,0
2017-08-25,-596000,-1000,-2000
2017-08-28,507058,-3000,-17000
2017-08-29,-635083,-3000,0
2017-08-30,-645526,10000,-70000
2017-08-31,-920950,0,-2000
2017-09-01,-347000,-2000,0
2017-09-04,-285670,0,1000
2017-09-05,-744600,0,-4553
2017-09-06,-580650,-1000,-58000
2017-09-07,-934000,16000,-24000
2017-09-08,-557338,-4000,-43000
2017-09-11,-96981,0,0
2017-09-12,-535000,31000,0
2017-09-13,-497183,3000,1000
2017-09-14,279473,8000,-267000
2017-09-15,-336397,20000,-19000
2017-09-18,131000,22000,25000
2017-09-19,1157787,20000,45000
2017-09-20,-103003,-14000,5000
2017-09-21,-742726,0,1000
2017-09-22,-342009,0,-8000
2017-09-25,111310,0,9000
2017-09-26,127113,1911000,0
2017-09-27,461109,97000,-16000
2017-09-28,813995,-9000,-35000
2017-09-29,363557,100000,-1000
2017-09-30,0,0,-2000
2017-10-02,-229000,154000,-18000
2017-10-03,-424890,29414,0
2017-10-05,-147899,32000,0
2017-10-06,-437997,77000,-2000
2017-10-11,-236992,24000,120000
2017-10-12,-395404,41000,-24000
2017-10-13,1114200,26000,0
2017-10-16,-703858,-2000,200000
2017-10-17,-107691,-27000,100000
2017-10-18,-816750,24000,76000
2017-10-19,-370773,-11000,23000
2017-10-20,-1119099,377000,14000
2017-10-23,-1216906,0,99000
2017-10-24,-1650616,-3000,-5000
2017-10-25,-937052,180000,-202000
2017-10-26,-113104,-2000,-4000
2017-10-27,-799800,0,-13000
2017-10-30,-1088000,0,-6000
2017-10-31,-328298,0,-11000
2017-11-01,-6620052,-3000,-7000
2017-11-02,-1462000,-4000,1000
2017-11-03,-2393914,11000,-3000
2017-11-06,1790053,-120000,-2000
2017-11-07,816879,0,-12000
2017-11-08,-55000,4000,-13000
2017-11-09,1411809,-5000,6000
2017-11-10,570600,2000,0
2017-11-13,-291000,-180000,18000
2017-11-14,-618846,-23000,-8000
2017-11-15,-1742500,395000,293000
2017-11-16,502000,232000,-5000
2017-11-17,632954,-9000,69000
2017-11-20,-149316,0,0
2017-11-21,-171798,0,-2000
2017-11-22,510136,383000,-8000
2017-11-23,-747000,191000,1000
2017-11-24,-811700,0,0
2017-11-27,-980128,0,-1000
2017-11-28,-1000,-4000,1000
2017-11-29,-1547800,-30000,100000
2017-11-30,-1442199,10000,26000
2017-12-01,387192,2000,2000
2017-12-04,-80675,0,-697000
2017-12-05,957939,180000,-1178000
2017-12-06,-654400,5000,-1065000
2017-12-07,486000,0,-1187000
2017-12-08,-6481400,-440000,-780000
2017-12-11,-4336000,23000,-1355000
2017-12-12,-286200,155000,-1396000
2017-12-13,-4370682,130000,-1392000
2017-12-14,-2895199,283000,-1112000
2017-12-15,-6453641,296000,-689000
2017-12-18,-1002000,415000,-8000
2017-12-19,-4430604,0,-2000
2017-12-20,-2636631,0,64000
2017-12-21,-5697389,0,0
2017-12-22,-1830000,0,2000
2017-12-25,-5086000,0,15000
2017-12-26,-2547000,5865,-2000
2017-12-27,599000,10000,-12000
2017-12-28,331000,9000,-2000
2017-12-29,-4195337,-14000,2000
2018-01-02,-4879432,0,-5000
2018-01-03,-3008462,-200000,0
2018-01-04,-3122354,-250000,-6000
2018-01-05,-5397987,-109000,-1000
2018-01-08,-2087120,0,-6000
2018-01-09,-1968684,0,-4000
2018-01-10,-2193568,159000,16000
2018-01-11,1202438,0,3000
2018-01-12,-209500,-1000,225000
2018-01-15,-252000,0,14000
2018-01-16,-2050974,-8000,31000
2018-01-17,-2189045,46000,-30000
2018-01-18,-7826427,-150000,176000
2018-01-19,-3917885,0,9000
2018-01-22,-1392479,0,-5000
2018-01-23,-2141929,0,14000
2018-01-24,-1349811,-87667,-7000
2018-01-25,575911,0,4000
2018-01-26,491548,-108000,25000
2018-01-29,223913,0,-4000
2018-01-30,-183317,0,-111000
2018-01-31,-51605,-30000,130000
2018-02-01,192362,0,-10000
2018-02-02,-3261728,0,40000
2018-02-05,-478870,0,-286000
2018-02-06,-6610060,471000,-21000
2018-02-07,-3017877,1812000,-20000
2018-02-08,-4010763,1000,-9000
2018-02-09,-3642995,6000,540000
2018-02-12,-2322122,0,-30000
2018-02-21,-2425474,-9000,-89000
2018-02-22,-4589380,-18000,7000
2018-02-23,-2937036,-27000,2000
2018-02-26,-2619000,-53000,-105000
2018-02-27,-2050931,-82000,1000
2018-03-01,-5183455,-110000,-1000
2018-03-02,-1568759,-100400,180000
2018-03-05,-1676610,-110000,-24000
2018-03-06,740077,0,40000
2018-03-07,-2043835,-8000,19000
2018-03-08,-1591279,-261000,0
2018-03-09,-1157255,-35000,82000
2018-03-12,-5290140,-96000,537000
2018-03-13,-4929442,-100000,319000
2018-03-14,-8653505,-192000,204000
2018-03-15,-5547961,-350000,167000
2018-03-16,-7761611,-709000,600000
2018-03-19,-2658000,-130000,200000
2018-03-20,-3117000,-89000,21000
2018-03-21,-91000,-152000,-37000
2018-03-22,2188000,-82000,22000
2018-03-23,-1256694,-55000,126000
2018-03-26,-738000,-320485,-16000
2018-03-27,513000,-262456,4000
2018-03-28,-716000,-7000,-84000
2018-03-29,-711928,0,-2000
2018-03-30,-826578,-2000,30000
2018-03-31,0,0,-1000
2018-04-02,-225325,-2000,-18000
2018-04-03,-1894000,0,54000
2018-04-09,-1195626,2000,2000
2018-04-10,-1046396,-13000,26000
2018-04-11,-904972,0,134000
2018-04-12,-2146083,0,91000
2018-04-13,-1281355,174000,-11000
2018-04-16,-356600,173000,0
2018-04-17,-2946000,150000,9000
2018-04-18,-1454715,375000,-21000
2018-04-19,78265,276000,19000
2018-04-20,-781483,-15653,40000
2018-04-23,43000,-8000,-4000
2018-04-24,-830528,21000,112000
2018-04-25,-882000,38000,68000
2018-04-26,-1141817,8000,16000
2018-04-27,-968064,-15000,38000
2018-04-30,-738208,0,30000
2018-05-02,1767019,0,-14000
2018-05-03,-355100,74000,3000
2018-05-04,-529182,100000,2000
2018-05-07,-1595400,-44467,2000
2018-05-08,-494500,2576,-15000
2018-05-09,-3039877,-5000,-3000
2018-05-10,1141000,3000,62000
2018-05-11,-2095000,0,388000
2018-05-14,-1584000,-128000,95000
2018-05-15,-1169497,0,-3000
2018-05-16,-1189431,0,26000
2018-05-17,-1042440,0,123000
2018-05-18,-1100251,0,21000
2018-05-21,-585000,0,3000
2018-05-22,-403847,0,288000
2018-05-23,-277211,446,494000
2018-05-24,-209000,0,290000
2018-05-25,-241500,0,0
2018-05-28,196000,-7000,-34000
2018-05-29,-1252584,0,-10000
2018-05-30,-1293579,-13000,-12000
2018-05-31,-1433947,-1000,-14000
2018-06-01,-501000,1000,0
2018-06-04,-640507,-800,-8000
2018-06-05,-318000,-40000,300000
2018-06-06,-272874,0,338000
2018-06-07,754408,28000,-3000
2018-06-08,164000,0,33000
2018-06-11,-788049,45000,510000
2018-06-12,-99134,0,287000
2018-06-13,-265256,0,240000
2018-06-14,-1740001,-164000,691000
2018-06-15,-1975684,-315000,577000
2018-06-19,168500,-1695000,1134000
2018-06-20,-199036,-708758,220000
2018-06-21,-67000,98000,9000
2018-06-22,-1120014,0,3000
2018-06-25,-514200,0,40000
2018-06-26,-185943,0,60000
2018-06-27,-1996956,2000,108000
2018-06-28,-404303,0,14000
2018-06-29,-998625,-2000,5000
2018-07-02,-301000,-1000,-4000
2018-07-03,353000,-2000,107000
2018-07-04,294000,-4000,148000
2018-07-05,-318929,38000,249000
2018-07-06,344278,599000,98000
2018-07-09,5252947,0,213000
2018-07-10,907575,0,-103000
2018-07-11,-594994,-3000,-118000
2018-07-12,-127427,-2000,16000
2018-07-13,-1041625,-6000,20000
2018-07-16,-252700,0,4000
2018-07-17,-195806,-7000,21000
2018-07-18,-91723,-3000,248000
2018-07-19,-4725426,0,-17000
2018-07-20,247194,0,-20000
2018-07-23,2434750,0,-53000
2018-07-24,1464618,14000,-21000
2018-07-25,-334668,15000,-56000
2018-07-26,556000,21000,-20000
2018-07-27,-162241,14000,0
2018-07-30,247000,0,-20000
2018-07-31,191649,0,-17000
2018-08-01,500000,14000,0
2018-08-02,-343412,0,-50000
2018-08-03,498337,-12000,-20000
2018-08-06,-186000,0,-20000
2018-08-07,-534052,0,-21000
2018-08-08,-957887,0,3000
2018-08-09,-246967,9000,-20000
2018-08-10,929800,11000,-51000
2018-08-13,-197191,-3000,258000
2018-08-14,763934,1000,-20000
2018-08-15,-4510,-2000,49000
2018-08-16,-1927000,51000,27000
2018-08-17,787000,0,-3000
2018-08-20,695833,0,0
2018-08-21,850520,1000,-23000
2018-08-22,1223021,161000,-178000
2018-08-23,-474244,555000,-75000
2018-08-24,-18000,330000,0
2018-08-27,77085,412000,0
2018-08-28,-405836,0,-38000
2018-08-29,-349770,0,-160000
2018-08-30,412000,0,-13000
2018-08-31,1112214,19000,-2000
2018-09-03,465000,0,-23000
2018-09-04,-34554,817000,-42000
2018-09-05,-473205,30000,-223000
2018-09-06,-128444,-3000,-3000
2018-09-07,598222,67764,-29000
2018-09-10,248821,593000,80000
2018-09-11,-199507,453000,39000
2018-09-12,745000,547000,183000
2018-09-13,2109154,489000,1000
2018-09-14,1616000,18000,0
2018-09-17,456711,25000,-11000
2018-09-18,-557032,698000,0
2018-09-19,864879,680000,51000
2018-09-20,-353359,382000,-27000
2018-09-21,856139,687000,-85000
2018-09-25,-130903,18000,17000
2018-09-26,564350,30000,-104000
2018-09-27,418640,50000,-23000
2018-09-28,132841,0,-67000
2018-10-01,574000,8000,-91000
2018-10-02,-434000,128000,-90000
2018-10-03,114000,5000,-45000
2018-10-04,-1711926,0,140000
2018-10-05,-238000,517566,78000
2018-10-08,-235000,324000,-13000
2018-10-09,85354,934000,2000
2018-10-11,-2198646,1690033,-179000
2018-10-12,-2330747,676000,4000
2018-10-15,-1847220,70000,9000
2018-10-16,-592340,164000,7000
2018-10-17,-559000,343000,-15000
2018-10-18,-950943,280000,42000
2018-10-19,248036,216000,-28000
2018-10-22,-409872,82000,51000
2018-10-23,-1608297,10666,-2000
2018-10-24,-2059000,75000,-22000
2018-10-25,-998975,1427666,-44000
2018-10-26,-288677,1793000,-53000
2018-10-29,-1150728,803000,4000
2018-10-30,-1210000,1086000,22000
2018-10-31,1689533,314000,-54000
2018-11-01,-356000,-100000,24000
2018-11-02,-531000,-1231322,-768000
2018-11-05,394443,-120000,-79000
2018-11-06,678000,-200000,-22000
2018-11-07,1053228,-291000,-283000
2018-11-08,614692,-96000,-6000
2018-11-09,420000,138000,4000
2018-11-12,244100,106000,-28000
2018-11-13,261207,115000,0
2018-11-14,584369,2000,-114000
2018-11-15,-130434,721000,-36000
2018-11-16,760598,2666,260000
2018-11-19,-904870,106000,-13000
2018-11-20,815133,230666,-31000
2018-11-21,177470,70000,9000
2018-11-22,538134,-192000,26000
2018-11-23,772000,484000,-52000
2018-11-26,922128,-38000,7000
2018-11-27,343363,-648000,-10000
2018-11-28,642242,-275411,137000
2018-11-29,575921,-716000,1000
2018-11-30,-92800,-88000,13000
2018-12-03,1413000,-6000000,153000
2018-12-04,87546,-1471000,22000
2018-12-05,181914,-1054000,-97000
2018-12-06,-868644,106000,-68000
2018-12-07,490107,106000,27000
2018-12-10,136000,9579,15000
2018-12-11,-178000,105000,-6000
2018-12-12,865473,-300000,118000
2018-12-13,1970193,-384000,1000
2018-12-14,902746,-39000,-138000
2018-12-17,1879749,-20000,0
2018-12-18,323306,566000,328000
2018-12-19,1417882,149000,91000
2018-12-20,718420,4000,-7000
2018-12-21,645968,116000,-12000
2018-12-22,-49000,325000,-40000
2018-12-24,-218000,-150000,4000
2018-12-25,-593000,-148911,-121000
2018-12-26,-2000,200000,118000
2018-12-27,1475873,-163000,15000
2018-12-28,1383036,-17000,79000
2019-01-02,-10554,-384000,-217000
2019-01-03,-100058,0,69000
2019-01-04,-684000,-49000,77000
2019-01-07,1918105,45000,10000
2019-01-08,-176046,331000,11000
2019-01-09,1388027,0,331000
2019-01-10,-748000,-10000,4000
2019-01-11,1568715,-130000,-64000
2019-01-14,-19812,-35000,-19000
2019-01-15,-463872,-267423,2000
2019-01-16,238179,-130000,4000
2019-01-17,215000,-140000,-68000
2019-01-18,522850,-127000,-8000
2019-01-21,-391000,-430000,31000
2019-01-22,-394000,-274000,4000
2019-01-23,-245400,-161000,-27000
2019-01-24,-366744,-49000,-10000
2019-01-25,1167000,-303000,-18000
2019-01-28,-1577607,-229000,69000
2019-01-29,731100,-213000,-20000
2019-01-30,1776150,-1310000,12000
2019-02-11,2794010,-944000,-59000
2019-02-12,1775784,-487000,10000
2019-02-13,-1316265,-281000,37000
2019-02-14,-1922789,-181000,96000
2019-02-15,268506,0,123000
2019-02-18,239000,-156000,-21000
2019-02-19,-1247000,-28000,0
2019-02-20,-1070290,-389000,52000
2019-02-21,987468,5000,-136000
2019-02-22,1064904,0,-64000
2019-02-25,-471000,-352576,-4000
2019-02-26,-177723,-93000,-6000
2019-02-27,41644,534000,-2000
2019-03-04,231197,32424,-42000
2019-03-05,-44992,5000,-70000
2019-03-06,-110855,0,-164000
2019-03-07,-517000,-2000,-98000
2019-03-08,-1241418,0,-5000
2019-03-11,-612376,0,36000
2019-03-12,-498000,0,29000
2019-03-13,1322339,-3000,-75000
2019-03-14,-2288382,0,23000
2019-03-15,1171525,-88000,-7000
2019-03-18,-78634,-145000,1000
2019-03-19,161465,-260000,-3000
2019-03-20,908326,-132000,107000
2019-03-21,67256,0,5000
2019-03-22,-413777,-2575,0
2019-03-25,364208,-1000,-8000
2019-03-26,1337000,0,-397000
2019-03-27,-277268,-3000,-3000
2019-03-28,943000,0,-21000
2019-03-29,-155777,6000,-12000
2019-04-01,211275,-115270,4000
2019-04-02,-697903,-1000,93000
2019-04-03,-381000,15000,85000
2019-04-08,-916721,0,73000
2019-04-09,158343,8000,15000
2019-04-10,-477165,0,341000
2019-04-11,-956000,-3000,1000
2019-04-12,-1425000,0,-9000
2019-04-15,-736987,0,36000
2019-04-16,468664,0,-54000
2019-04-17,81414,-1000,48000
2019-04-18,1194791,-4000,-25000
2019-04-19,616960,-160000,-5000
2019-04-22,-74000,-117,-1000
2019-04-23,505680,4000,0
2019-04-24,-353917,-81000,37000
2019-04-25,-216382,0,33000
2019-04-26,-309843,0,-80000
2019-04-29,-2791529,9000,-37000
2019-04-30,515152,174000,-7000
2019-05-02,1414541,-1000,-111000
2019-05-03,-706891,-6706,-40000
2019-05-06,-3880632,-45000,-15000
2019-05-07,803775,-1481,2000
2019-05-08,-390777,97970,89000
2019-05-09,438233,0,-50000
2019-05-10,-271000,150000,10000
2019-05-13,339142,157000,60000
2019-05-14,-588753,326000,263000
2019-05-15,-67323,-3000,24000
2019-05-16,-728264,675000,114000
2019-05-17,369141,1104000,495000
2019-05-20,-245819,882000,204000
2019-05-21,1734000,2148000,-137000
2019-05-22,-463800,211000,154000
2019-05-23,496395,427000,-4000
2019-05-24,319829,1568000,2000
2019-05-27,605000,306000,30000
2019-05-28,-1001962,192000,24000
2019-05-29,655141,3000,-127000
2019-05-30,661783,425300,-113000
2019-05-31,1012489,412000,167000
2019-06-03,843000,302000,-27000
2019-06-04,1301673,110000,-92000
2019-06-05,957000,0,-27000
2019-06-06,290000,0,207000
2019-06-10,1550860,-11000,-38000
2019-06-11,-578266,0,-11000
2019-06-12,929500,589553,21000
2019-06-13,775000,7509,-42000
2019-06-14,-70236,274000,-750000
2019-06-17,-382552,-9561,32000
2019-06-18,1248666,-367000,-323554
2019-06-19,3254452,-1748000,-83000
2019-06-20,942000,-56000,-169000
2019-06-21,1116834,243000,-154000
2019-06-24,382000,2595,-226000
2019-06-25,809521,0,-214883
2019-06-26,1247185,11000,-155000
2019-06-27,1023000,13000,-127000
2019-06-28,526540,0,-154000
2019-07-01,-473585,-1844000,69000
2019-07-02,384500,-60000,-46000
2019-07-03,-120000,0,-116000
2019-07-04,-7000,-1436539,-6000
2019-07-05,353000,-1443000,-133000
2019-07-08,-175312,-120000,-502000
2019-07-09,315797,14000,-72000
2019-07-10,1778837,4000,227000
2019-07-11,-581900,0,60000
2019-07-12,994900,0,-5000
2019-07-15,-295473,0,-32000
2019-07-16,796436,-1639000,-27000
2019-07-17,1645000,-43000,-142000
2019-07-18,-50725,11000,-29000
2019-07-19,500244,-334000,9000
2019-07-22,-333944,382000,-27000
2019-07-23,-232211,-118000,-14000
2019-07-24,-255496,-576000,-882000
2019-07-25,-67000,-96000,280000
2019-07-26,-1920469,47000,97000
2019-07-29,-991201,24000,-23000
2019-07-30,658536,-134000,-9000
2019-07-31,-205771,24000,-252000
2019-08-01,-2365530,21000,33000
2019-08-02,-1532000,0,135000
2019-08-05,-133000,116000,-19000
2019-08-06,-860071,113000,117000
2019-08-07,-1152000,20000,-194000
2019-08-08,-520959,3417,-53000
2019-08-12,241000,0,-70000
2019-08-13,-75354,13297,-6000
2019-08-14,-348150,3000,-4000
2019-08-15,-204280,20000,-11000
2019-08-16,-841793,20000,84000
2019-08-19,-754070,0,14000
2019-08-20,-810686,-53000,-33000
2019-08-21,-458675,56000,-180000
2019-08-22,400433,127000,-326000
2019-08-23,-645089,9000,-21000
2019-08-26,-411000,14000,82000
2019-08-27,-249407,53000,-61000
2019-08-28,75496,41000,-24000
2019-08-29,1291981,17000,-191000
2019-08-30,855829,-38000,86000
2019-09-02,311000,8000,11000
2019-09-03,-600360,9000,164000
2019-09-04,-45999,24000,136000
2019-09-05,14809,79000,4000
2019-09-06,-12970,18000,-35000
2019-09-09,305300,13000,56000
2019-09-10,944750,53000,-6000
2019-09-11,139000,7000,-229000
2019-09-12,482356,26000,-64000
2019-09-16,645777,-43297,-184000
2019-09-17,1024158,-483000,4000
2019-09-18,1672794,-131592,-440000
2019-09-19,-221259,39000,-1000
2019-09-20,19329,-191000,17000
2019-09-23,-35000,-33000,71000
2019-09-24,1079832,-27588,0
2019-09-25,162000,81000,-85000
2019-09-26,223233,38000,-11000
2019-09-27,-65382,-7000,12000
2019-10-01,1327343,2000,-184000
2019-10-02,-175738,13000,-69000
2019-10-03,-356687,7000,-8000
2019-10-04,273050,0,-210000
2019-10-07,-265000,0,-52000
2019-10-08,273266,-1710,-72000
2019-10-09,-372896,-3901,-386000
2019-10-14,953128,-190000,-23000
2019-10-15,748587,-31000,-240000
2019-10-16,742000,-18699,-186000
2019-10-17,561000,5279,35000
2019-10-18,-32195,-63889,116000
2019-10-21,683000,-74932,-123000
2019-10-22,330273,12000,-318000
2019-10-23,-590000,-13049,-335000
2019-10-24,-156000,111000,-95000
2019-10-25,1336395,-3055,-24000
2019-10-28,113000,64000,-2000
2019-10-29,-631522,-4000,-31000
2019-10-30,717600,3000,-457000
2019-10-31,870853,0,9000
2019-11-01,1107000,5000,-5000
2019-11-04,817346,-51000,-85000
2019-11-05,784569,9000,-13000
2019-11-06,400000,14000,-20000
2019-11-07,273500,59000,-89000
2019-11-08,-289618,58000,26000
2019-11-11,412757,5000,4000
2019-11-12,663660,-153000,-46000
2019-11-13,-2304777,-161000,154000
2019-11-14,-415297,11000,-103000
2019-11-15,-557000,0,-11000
2019-11-18,-1006000,41000,158675
2019-11-19,-792000,-16000,-8000
2019-11-20,111738,24000,-125000
2019-11-21,-281323,62598,99000
2019-11-22,311889,12000,-96000
2019-11-25,-452951,2000,5000
2019-11-26,-2202809,30000,127000
2019-11-27,-1463928,-7000,78000
2019-11-28,-3797000,223479,110000
2019-11-29,-264085,3000,-26000
2019-12-02,703681,17000,-287000
2019-12-03,296000,5000,15000
2019-12-04,89969,5000,12000
2019-12-05,1616210,11000,-1000
2019-12-06,56000,0,85020
2019-12-09,-1347100,0,315000
2019-12-10,-565641,2000,3000
2019-12-11,424224,0,-98000
2019-12-12,505101,0,-124494
2019-12-13,633616,3000,78000
2019-12-16,-162166,0,173000
2019-12-17,874679,870336,3000
2019-12-18,490668,932000,-386000
2019-12-19,1130369,897000,88000
2019-12-20,1571498,125000,-10000
2019-12-23,933620,0,-20000
2019-12-24,411306,-99000,34000
2019-12-25,76000,-120000,266000
2019-12-26,260214,1000,10000
2019-12-27,952799,0,51000
2019-12-30,1287000,-11000,128000
2019-12-31,-630000,12000,81000
2020-01-02,30309,-3000,12000
2020-01-03,573866,-143000,-43000
2020-01-06,-2751292,9000,0
2020-01-07,-4964531,-17000,-301000
2020-01-08,-2752852,-3000,-61000
2020-01-09,-170855,33000,131000
2020-01-10,-1484294,0,103000
2020-01-13,650923,0,44000
2020-01-14,-2496550,-132000,96000
2020-01-15,-2012732,-11482,-240000
2020-01-16,-1118473,14000,163000
2020-01-17,423977,4000,-22000
2020-01-20,63519,1000,47000
2020-01-30,-3672721,-86000,66000
2020-01-31,-986955,231000,102000
2020-02-03,284238,104000,191000
2020-02-04,-471320,0,57000
2020-02-05,-919000,7000,-100000
2020-02-06,-940651,40458,18000
2020-02-07,-1571000,3000,48000
2020-02-10,653000,0,12000
2020-02-11,-974000,6000,56000
2020-02-12,-3418132,0,252000
2020-02-13,164753,-231000,0
2020-02-14,202101,0,14000
2020-02-17,-234000,1000,-41000
2020-02-18,-1213852,20000,70000
2020-02-19,-903704,203000,30000
2020-02-20,331063,2000,-20000
2020-02-21,-1366000,4000,-1000
2020-02-24,-4447464,47000,-23000
2020-02-25,-1494493,6000,0
2020-02-26,-3331998,67000,32000
2020-02-27,-1372531,70000,-17700
2020-03-02,-4719037,49000,37000
2020-03-03,-1862668,227000,-3000
2020-03-04,881917,32000,99000
2020-03-05,288408,-35000,-8000
2020-03-06,-2841895,7000,-69000
2020-03-09,-4216230,105000,-100000
2020-03-10,-929468,-177000,17000
2020-03-11,-1251390,-14521,-396000
2020-03-12,-1865395,69000,91000
2020-03-13,-4873674,-157000,-253000
2020-03-16,-1221208,0,-305000
2020-03-17,-1412533,354000,-91000
2020-03-18,-6368338,82000,-134000
2020-03-19,-1917737,56585,-46000
2020-03-20,-4499979,-463933,-290000
2020-03-23,-2996958,-64000,-250000
2020-03-24,-1381211,24000,168000
2020-03-25,464680,0,-433000
2020-03-26,-1448462,7012,-21000
2020-03-27,-3237338,20000,-61000
2020-03-30,-931953,-8000,54000
2020-03-31,-1393263,52000,28000
2020-04-01,-3285069,3000,43000
2020-04-06,1848470,9000,3000
2020-04-07,-138599,21000,-34000
2020-04-08,1193566,-274000,-215000
2020-04-09,-318634,1000,-40000
2020-04-10,-817900,255000,-33000
2020-04-13,-347970,-7582,-183000
2020-04-14,1545865,398000,22000
2020-04-15,70869,-114000,-53000
2020-04-16,-1112067,-1000,-27000
2020-04-17,477278,0,25000
2020-04-20,441849,3000,-15000
2020-04-21,-1733228,-2000,-110000
2020-04-22,-298350,21000,-93000
2020-04-23,-1644755,6000,-27000
2020-04-24,-232989,-1000,-3000
2020-04-27,1340000,-32000,-58000
2020-04-28,-751755,8000,-2000
2020-04-29,-1790478,11000,-142000
2020-04-30,313333,0,16000
2020-05-04,-996863,-15000,-19000
2020-05-05,41000,-63875,-2000
2020-05-06,-1184760,50000,-111000
2020-05-07,-341000,0,16000
2020-05-08,-349134,2000,241000
2020-05-11,-482407,4000,33000
2020-05-12,-801524,-24000,89000
2020-05-13,-104862,18000,3000
2020-05-14,-1042000,-75000,50000
2020-05-15,-712466,0,78000
2020-05-18,-78000,0,168000
2020-05-19,122484,11000,63000
2020-05-20,-284979,-73000,248000
2020-05-21,-1691418,-96000,126000
2020-05-22,-2025468,2000,91000
2020-05-25,329000,7515,55000
2020-05-26,-407600,-1000,6000
2020-05-27,-881553,6000,22000
2020-05-28,-649555,0,-14000
2020-05-29,-1185918,0,228000
2020-06-01,280845,-4000,156000
2020-06-02,-2766235,0,54000
2020-06-03,2462111,-12000,398000
2020-06-04,-62135,0,57000
2020-06-05,35898,0,215000
2020-06-08,970580,-19000,12000
2020-06-09,-789873,-1000,1000
2020-06-10,548598,-10000,19000
2020-06-11,-1418685,-6000,38000
2020-06-12,540031,-11000,48000
2020-06-15,-3073689,-1000,42000
2020-06-16,1594067,71485,18000
2020-06-17,176968,-16000,-211000
2020-06-18,-1799676,1000,60000
2020-06-19,338860,-2289600,244000
2020-06-22,-69170,-1000,-385000
2020-06-23,-1090000,0,-4000
2020-06-24,778213,30000,-20000
2020-06-29,-143356,2000,-12000
2020-06-30,265255,0,-27000
2020-07-01,-827770,-9000,-120000
2020-07-02,1035432,-5000,-126000
2020-07-03,-302814,-13000,-479000
2020-07-06,-242148,-34000,-479000
2020-07-07,-844798,-13000,-109000
2020-07-08,81765,19000,-172000
2020-07-09,526851,-27000,-260000
2020-07-10,3806179,-13560,-193000
2020-07-13,734940,184000,-154000
2020-07-14,-109395,159000,-118000
2020-07-15,-117701,2732429,725000
2020-07-16,-1905830,1072000,-91000
2020-07-17,1791678,1000,-153000
2020-07-20,-1958487,144000,-57000
2020-07-21,-1889074,262000,3000
2020-07-22,-628759,398000,-75000
2020-07-23,-2300000,206000,-50000
2020-07-24,-2715892,60000,-136000
2020-07-27,-1373592,201424,2000
2020-07-28,-2107103,176000,-38000
2020-07-29,-656293,75000,-500000
2020-07-30,-1063869,217000,-55000
2020-07-31,-113762,44000,-43000
2020-08-03,-1114739,0,25000
2020-08-04,-2016384,336000,331000
2020-08-05,-629904,379423,63000
2020-08-06,-2047805,88000,291000
2020-08-07,-1932023,0,196000
2020-08-10,-1294488,40000,245000
2020-08-11,-2736429,10000,165000
2020-08-12,-162822,-207000,-101000
2020-08-13,58228,30000,19000
2020-08-14,-522744,0,153000
2020-08-17,-136927,0,106000
2020-08-18,-1301561,0,47000
2020-08-19,-472900,-407,219000
2020-08-20,-1850510,9000,-83000
2020-08-21,-1462800,317000,430000
2020-08-24,-195606,152038,-48000
2020-08-25,-1949644,0,42590
2020-08-26,-31699,58593,22000
2020-08-27,-1439787,0,83000
2020-08-28,-478100,2000,-2000
2020-08-31,-2316818,3611,112000
2020-09-01,-1535014,-592188,271000
2020-09-02,-1218653,81000,-12000
2020-09-03,-1467067,-3593,36000
2020-09-04,-771724,115000,-97000
2020-09-07,-1080565,1000,5000
2020-09-08,-1196021,58595,11000
2020-09-09,-5264130,127000,72000
2020-09-10,-1119299,0,-41000
2020-09-11,-1387500,3000,100000
2020-09-14,-401531,0,-57000
2020-09-15,-3109965,-84322,105000
2020-09-16,-1372000,41000,-160000
2020-09-17,-1674219,-6195,-201000
2020-09-18,-1725044,-46000,-35000
2020-09-21,-1145625,221,-722000
2020-09-22,-1937568,-10599,-365000
2020-09-23,-1745838,75724,-351000
2020-09-24,-4692788,121000,-301000
2020-09-25,-377744,135000,-298000
2020-09-28,-614940,0,-327000
2020-09-29,-859852,0,-298000
2020-09-30,-558931,0,-186000
2020-10-05,39174,0,-292000
2020-10-06,640992,4000,-193000
2020-10-07,-588934,-2000,-277000
2020-10-08,-347844,-2000,-203000
2020-10-12,-390460,-10000,-209000
2020-10-13,-1186608,-61000,-418000
2020-10-14,-106611,-55000,-94000
2020-10-15,-1762244,0,-435000
2020-10-16,-1900697,7000,11000
2020-10-19,-748832,-940000,101000
2020-10-20,-792331,0,7000
2020-10-21,-80084,580000,-459000
2020-10-22,-737258,1167000,-10000
2020-10-23,-1696374,4000,-8000
2020-10-26,-131698,0,67669
2020-10-27,-619565,0,34000
2020-10-28,299000,-5000,-255000
2020-10-29,-1017794,3000,21800
2020-10-30,-487318,0,-68000
2020-11-02,395000,0,1000
2020-11-03,-334521,1000,0
2020-11-04,293141,11000,10967
2020-11-05,434946,2000,2000
2020-11-06,290800,-3000,-16000
2020-11-09,-81830,-71000,58000
2020-11-10,91034,0,-208050
2020-11-11,219984,-245000,266000
2020-11-12,-314744,-112000,1000
2020-11-13,162943,-82000,-2000
2020-11-16,840889,-541000,34000
2020-11-17,831528,-461196,11000
2020-11-18,1478264,-212000,-11000
2020-11-19,642776,-249000,-14000
2020-11-20,-278200,-84000,0
2020-11-23,788525,-85000,27000
2020-11-24,-523764,-115000,1000
2020-11-25,-1116606,1000,-857000
2020-11-26,500654,-61000,-15000
2020-11-27,-950363,2000,-34000
2020-11-30,-3090022,-99000,6000
2020-12-01,-722115,-216000,6000
2020-12-02,-2062862,0,26000
2020-12-03,-3894310,-210000,54000
2020-12-04,-220700,45000,-44000
2020-12-07,-1403947,429000,-21000
2020-12-08,-1316600,780000,-56612
2020-12-09,88119,467000,1000
2020-12-10,522063,400000,-83000
2020-12-11,418369,440100,-118000
2020-12-14,622926,348260,-61000
2020-12-15,-479000,225450,0
2020-12-16,1076745,173000,-450669
2020-12-17,254733,368480,-87000
2020-12-18,531972,196880,-15000
2020-12-21,371503,-32000,-89000
2020-12-22,6192,1900,-27000
2020-12-23,-257257,27000,-70000
2020-12-24,298000,-51820,6000
2020-12-25,446000,12000,-46000
2020-12-28,1051000,65000,-228000
2020-12-29,578594,-88770,-131000
2020-12-30,1993736,0,209000
2020-12-31,184555,14000,10000
2021-01-04,79300,-438810,94000
2021-01-05,260734,-79370,23000
2021-01-06,-499370,-199000,-298028
2021-01-07,241871,25420,100000
2021-01-08,2163402,-564350,89000
2021-01-11,194375,239000,109000
2021-01-12,992268,521000,105000
2021-01-13,1887576,34000,231000
2021-01-14,254139,-49000,90000
2021-01-15,-1765385,56000,47000
2021-01-18,-1441233,315000,6000
2021-01-19,-449566,31000,36000
2021-01-20,-2261925,73477,3000
2021-01-21,-1056003,83000,99000
2021-01-22,-1875894,708000,64004
2021-01-25,-312831,838000,-10000
2021-01-26,-1807116,81000,11000
2021-01-27,-1365440,139000,27000
2021-01-28,-378033,221000,7896
2021-01-29,-2554323,47000,34104
2021-02-01,-238696,150000,48000
2021-02-02,-204560,35000,64000
2021-02-03,-993302,1000,14000
2021-02-04,-849800,-54000,25000
2021-02-05,-5054,-523,32000
2021-02-17,-1335541,-1000,-15321
2021-02-18,-947810,3000,-15903
2021-02-19,-909038,11000,20903
2021-02-22,-825955,7000,-3116
2021-02-23,1237900,-14000,41000
2021-02-24,43393,-47000,87000
2021-02-25,764000,-99000,-6000
2021-02-26,-4252890,760000,-95961
2021-03-02,-707588,450000,1700
2021-03-03,1612904,161000,329000
2021-03-04,-1779995,166000,-83936
2021-03-05,-837041,263000,-174
2021-03-08,-732886,43000,-27549
2021-03-09,609024,337000,-3919
2021-03-10,1535067,40000,-102000
2021-03-11,576050,5000,79000
2021-03-12,115907,23000,17000
2021-03-15,-1368739,4000,-37004
2021-03-16,1044007,-61000,-13000
2021-03-17,-176500,-57000,-106108
2021-03-18,864107,25000,13834
2021-03-19,-2622315,-19030,39993
2021-03-22,-863854,-28000,15617
2021-03-23,-417940,-44000,-2000
2021-03-24,-374779,-23000,-36000
2021-03-25,-659909,86000,-37000
2021-03-26,553700,1000,-25000
2021-03-29,631129,-168000,-12000
2021-03-30,203362,281507,13000
2021-03-31,-1313305,41651,40000
2021-04-01,207014,6774,8000
2021-04-06,777010,-100194,-2000
2021-04-07,662152,0,77000
2021-04-08,-730623,-51000,34000
2021-04-09,498127,-152000,37000
2021-04-12,-416800,-61933,19760
2021-04-13,451947,-60846,18000
2021-04-14,1094221,4575,27000
2021-04-15,-576200,-39000,26000
2021-04-16,437314,-182000,26000
2021-04-19,467950,319992,10000
2021-04-20,653497,287985,60000
2021-04-21,-880372,191683,113000
2021-04-22,228000,-11670,52000
2021-04-23,-32819,-6325,82000
2021-04-26,553486,-203000,212000
2021-04-27,-251212,-252000,-19000
2021-04-28,-1311322,-22016,281000
2021-04-29,-679831,92820,26000
2021-05-03,-705600,-90842,158000
2021-05-04,-78850,-211396,201000
2021-05-05,-1403596,36085,-68110
2021-05-06,102598,46645,-21000
2021-05-07,256686,6703,2000
2021-05-10,412033,-10149,4000
2021-05-11,99048,1131086,-150000
2021-05-12,-3123475,886450,277089
2021-05-13,-4474151,85996,-254534
2021-05-14,684000,457476,-48864
2021-05-17,840844,52261,-182435
2021-05-18,1532700,10000,36004
2021-05-19,341318,-24137,14000
2021-05-20,-437472,9863,-9221
2021-05-21,1137963,-1000,115000
2021-05-24,-539000,1863,58000
2021-05-25,-51000,-35000,0
2021-05-26,-1468900,2000,65681
2021-05-27,-4060140,-179068,-12686
2021-05-28,171000,190000,18888
2021-05-31,384000,-422743,-36000
2021-06-01,-571700,-34000,-3463
2021-06-02,211714,-406,294000
2021-06-03,-221400,-967,5000
2021-06-04,220454,-471,-15000
2021-06-07,-153037,-9531,58000
2021-06-08,817327,2000,-5000
2021-06-09,-218284,-76000,-40000
2021-06-10,206600,52000,-62000
2021-06-11,-32600,-35000,10000
2021-06-15,-123357,-84000,36000
2021-06-16,-99000,-193450,-55000
2021-06-17,-95655,-143000,-64000
2021-06-18,-614979,-351000,5000
2021-06-21,-169799,-37529,-52000
2021-06-22,31355,79000,13000
2021-06-23,320912,9000,197000
2021-06-24,401970,-13000,-114000
2021-06-25,1119630,-16000,-554000
2021-06-28,342387,17000,-225000
2021-06-29,-182750,-40000,-192000
2021-06-30,41000,-87000,78000
2021-07-01,-596892,-63000,3000
2021-07-02,230353,-27000,262000
2021-07-05,692000,-118430,134000
2021-07-06,-2100,-32000,18000
2021-07-07,376157,-22000,-5000
2021-07-08,-423900,-79038,125000
2021-07-09,-22700,9000,-1000
2021-07-12,-728900,-117000,54000
2021-07-13,1061250,-36930,95000
2021-07-14,156862,-181000,71257
2021-07-15,321397,-179814,-11000
2021-07-16,-655050,-55000,7000
2021-07-19,-239374,0,0
2021-07-20,97700,-24000,-19000
2021-07-21,99872,12000,370000
2021-07-22,1412050,6482,35000
2021-07-23,434913,1000,-15000
2021-07-26,-690740,-2000,20000
2021-07-27,541327,172000,0
2021-07-28,-46183,207499,348000
2021-07-29,833507,2516,-22000
2021-07-30,-137301,-2940,145000
2021-08-02,1063126,-1007,252000
2021-08-03,602610,68191,213000
2021-08-04,662312,-60981,347000
2021-08-05,2195881,-118949,1873318
2021-08-06,1528600,24000,1353000
2021-08-09,785000,-1000,500000
2021-08-10,1572000,160000,38000
2021-08-11,2777000,338000,65000
2021-08-12,735550,693000,619000
2021-08-13,1908033,472000,-158000
2021-08-16,37000,68000,124100
2021-08-17,2771566,336000,107859
2021-08-18,733422,216000,-56000
2021-08-19,-297567,1325000,77000
2021-08-20,1518183,241762,-234143
2021-08-23,2987382,15000,-578000
2021-08-24,3309106,8000,-286515
2021-08-25,-63332,17047,-159000
2021-08-26,497205,77000,-362270
2021-08-27,1546674,-12000,-576102
2021-08-30,-234960,-396000,-231235
2021-08-31,1422132,0,-364416
2021-09-01,-1448740,0,-46051
2021-09-02,761110,-315090,-23528
2021-09-03,1091721,-2896,-127004
2021-09-06,669000,-69300,-13194
2021-09-07,707700,-5953,-964000
2021-09-08,2040650,51000,-1197000
2021-09-09,21075,-3000,-27736
2021-09-10,1433200,0,-8000
2021-09-13,602379,-3000,-19784
2021-09-14,755280,19000,-14000
2021-09-15,1191114,25000,-284000
2021-09-16,138675,0,-78048
2021-09-17,2005616,431194,-71000
2021-09-22,-1727801,358656,-353809
2021-09-23,727164,0,-29054
2021-09-24,363500,0,-35000
2021-09-27,627720,13566,-30360
2021-09-28,-13800,19722,-57342
2021-09-29,-60300,274255,-697032
2021-09-30,-543436,223793,-37
2021-10-01,-1952000,275000,-50771
2021-10-04,-215555,263499,61000
2021-10-05,83609,392000,4029
2021-10-06,-191067,289000,-130903
2021-10-07,906520,14000,170590
2021-10-08,888640,43000,-37000
2021-10-12,-1061334,83470,-41453
2021-10-13,-238512,33470,58938
2021-10-14,-283400,2470,-15921
2021-10-15,345468,2470,17631
2021-10-18,345049,-619362,-69794
2021-10-19,498000,-781547,146851
2021-10-20,-895912,-556321,-3469
2021-10-21,158024,20378,-17671
2021-10-22,-287265,172813,-26563
2021-10-25,299920,11000,-34555
2021-10-26,855555,5000,-63000
2021-10-27,-416561,0,-60000
2021-10-28,-247113,0,-46000
2021-10-29,-2099331,173000,-83001
2021-11-01,-12000,26000,14218
2021-11-02,-558451,180000,-4000
2021-11-03,96442,38000,46000
2021-11-04,61033,-7000,-4000
2021-11-05,1387800,347000,-59056
2021-11-08,416000,400000,-66000
2021-11-09,925847,229578,32000
2021-11-10,662000,149000,65000
2021-11-11,385000,399000,-21000
2021-11-12,327900,289000,85000
2021-11-15,32717,524000,12000
2021-11-16,160000,697000,42000
2021-11-17,-541000,827000,32000
2021-11-18,419404,233000,-277000
2021-11-19,-598100,101325,18000
2021-11-22,-431701,-20000,32000
2021-11-23,-277900,-46000,-6000
2021-11-24,-421004,22000,53000
2021-11-25,-376621,-20000,739
2021-11-26,-1816000,30000,-48628
2021-11-29,-652226,46591,40000
2021-11-30,-5826510,19000,-64853
2021-12-01,-171444,96000,105240
2021-12-02,490884,-52000,-30000
2021-12-03,-447781,-52000,-44066
2021-12-06,-462760,-9000,-19369
2021-12-07,457269,-19000,-61000
2021-12-08,213330,-21000,10000
2021-12-09,272000,-4449,5938
2021-12-10,-465906,348000,-12000
2021-12-13,-971396,11000,-22000
2021-12-14,-154900,-1000,-32880
2021-12-15,-1417912,22000,-8182
2021-12-16,-279042,65000,-1000
2021-12-17,417315,-258000,-9000
2021-12-20,-894343,-234778,-137745
2021-12-21,975884,187330,-1000
2021-12-22,-488790,55000,4000
2021-12-23,115425,-5000,-248591
2021-12-24,9100,-72000,-66000
2021-12-27,-130936,-145000,357000
2021-12-28,296330,-113000,-111000
2021-12-29,553188,-75000,-460000
2021-12-30,-30600,-41000,-1000
2022-01-03,724875,-522560,22001
2022-01-04,-349400,-244000,-151688
2022-01-05,324798,-103873,-44000
2022-01-06,-522800,-68875,-25036
2022-01-07,241693,-235000,-1000
2022-01-10,-141209,-4000,11000
2022-01-11,-125000,-62831,-15000
2022-01-12,446110,-66518,19000
2022-01-13,226752,111396,2000
2022-01-14,277400,62761,-146000
2022-01-17,-376000,-202866,-20000
2022-01-18,21842,-16843,15850
2022-01-19,362739,184000,-125000
2022-01-20,167185,80000,36000
2022-01-21,-647538,338000,43781
2022-01-24,494120,152000,10000
2022-01-25,-1481443,529000,5134
2022-01-26,146380,141000,48000
2022-02-07,6685,138000,27000
2022-02-08,-379848,200000,4252
2022-02-09,1367000,351000,160002
2022-02-10,1435502,155000,-121000
2022-02-11,-504548,138000,1000
2022-02-14,669243,424000,-4000
2022-02-15,629606,272000,-1000
2022-02-16,1232700,297000,-67000
2022-02-17,40500,130000,32000
2022-02-18,-6830,154000,2000
2022-02-21,180500,313802,9000
2022-02-22,-54910,695000,-161000
2022-02-23,1181600,421000,52443
2022-02-24,-1305343,622000,-29923
2022-02-25,-2682409,904551,56000
2022-03-01,1716410,378000,111434
2022-03-02,938439,160000,104727
2022-03-03,888724,-4000,-3000
2022-03-04,-358900,73000,-45682
2022-03-07,-169000,967000,-135356
2022-03-08,320742,892000,95226
2022-03-09,436500,180000,-38000
2022-03-10,656950,-23000,40181
2022-03-11,-499000,50000,175921
2022-03-14,-30678,410000,68000
2022-03-15,55582,501000,92458
2022-03-16,1873370,444000,161848
2022-03-17,317967,2000,-15851
2022-03-18,-1057978,101472,16029
2022-03-21,188371,-3000,-1643
2022-03-22,-176180,91000,28674
2022-03-23,388000,-176000,117256
2022-03-24,23015,-45000,-11000
2022-03-25,66807,25000,-5000
2022-03-28,152450,105000,36000
2022-03-29,-60970,32000,-21000
2022-03-30,228620,17000,79000
2022-03-31,153000,137000,6000
2022-04-01,122039,35000,2000
2022-04-06,240480,187000,-832
2022-04-07,787800,143000,-65002
2022-04-08,486500,701000,-9000
2022-04-11,2002220,958000,-46831
2022-04-12,1082983,371000,20000
2022-04-13,584152,60000,123000
2022-04-14,151315,-60000,-38755
2022-04-15,-254000,255000,21000
2022-04-18,469000,540000,34801
2022-04-19,206380,95000,57361
2022-04-20,2961046,211000,37042
2022-04-21,216695,50000,8000
2022-04-22,654000,280000,-35231
2022-04-25,-399997,554000,-106446
2022-04-26,2068123,295000,-6000
2022-04-27,360841,719000,-99000
2022-04-28,1147255,86000,64572
2022-04-29,330600,210000,4000
2022-05-03,-243500,354000,-17000
2022-05-04,260201,337000,-27077
2022-05-05,-101147,390786,-18603
2022-05-06,803927,333000,-112593
2022-05-09,4269,600000,-97037
2022-05-10,1370791,559000,-85686
2022-05-11,256579,245000,-60228
2022-05-12,-1448076,491000,-10441
2022-05-13,-523030,357000,181647
2022-05-16,-210543,596000,126000
2022-05-17,208300,24000,122190
2022-05-18,2870550,172000,14795
2022-05-19,2115252,9250,-14910
2022-05-20,685000,43000,-79000
2022-05-23,-96341,114000,53000
2022-05-24,12000,1000,-22000
2022-05-25,1055941,-506000,224000
2022-05-26,3896796,-575000,-38519
2022-05-27,1650963,-231000,64989
2022-05-30,604311,-391000,101759
2022-05-31,322289,-869000,-10000
2022-06-01,-207143,2000,46868
2022-06-02,193949,-2000,68565
2022-06-06,-153868,0,119000
2022-06-07,-353261,0,219000
2022-06-08,164296,117000,112000
2022-06-09,1124854,52000,-1425638
2022-06-10,-64100,0,-231676
2022-06-13,-993382,385000,-244318
2022-06-14,53700,113000,16968
2022-06-15,903120,-53633,196970
2022-06-16,-33349,-369000,290000
2022-06-17,-2271393,1535000,286000
2022-06-20,-160900,1012000,136136
2022-06-21,2952715,1784000,345066
2022-06-22,838739,681000,115000
2022-06-23,2523205,2176361,599975
2022-06-24,3858094,1137000,841000
2022-06-27,1842000,-84000,66349
2022-06-28,1304174,83000,-20146
2022-06-29,1575417,1961000,-12579
2022-06-30,248100,1300000,-11260
2022-07-01,1479760,1456000,512697
2022-07-04,1918512,3751000,409080
2022-07-05,3549318,3820000,383021
2022-07-06,3116028,3902000,183504
2022-07-07,-621412,1860000,-505666
2022-07-08,2037611,33000,-522431
2022-07-11,80751,831000,-115000
2022-07-12,-124200,494000,-492583
2022-07-13,491880,313000,853992
2022-07-14,1660624,88000,-701664
2022-07-15,-1142933,-102960,-408183
2022-07-18,-2673000,591000,13078
2022-07-19,-3443790,-1034000,258247
2022-07-20,-2698957,-2004000,-178975
2022-07-21,-155196,-856000,-15677
2022-07-22,-1382368,-340000,-25556
2022-07-25,-433800,484016,-5000
2022-07-26,-1663730,279000,3643
2022-07-27,1104410,519000,12000
2022-07-28,-471969,110021,1155
2022-07-29,28415,212000,6752
2022-08-01,-75828,253000,-4862
2022-08-02,-602452,1034000,-14960
2022-08-03,-842925,782000,-28630
2022-08-04,-654550,628000,-94015
2022-08-05,-434000,271000,1296
2022-08-08,279886,14000,2481
2022-08-09,-487134,509000,7983
2022-08-10,-471341,399000,-107956
2022-08-11,-188895,152000,1206
2022-08-12,16928,364500,8000
2022-08-15,473000,269000,4000
2022-08-16,-221937,476000,9900
2022-08-17,-743215,171000,-51000
2022-08-18,-430693,-128000,3918
2022-08-19,-222198,128000,23000
2022-08-22,-73200,355000,27352
2022-08-23,-699300,819000,26575
2022-08-24,-1130573,-1183000,34000
2022-08-25,-1106915,-1762000,104914
2022-08-26,365375,-215000,0
2022-08-29,-1091312,404000,-256318
2022-08-30,-849454,338000,-15174
2022-08-31,458086,321000,66324
2022-09-01,-2782644,73000,-609335
2022-09-02,-667460,-718000,27140
2022-09-05,-572469,179000,52487
2022-09-06,-1001700,266000,41828
2022-09-07,-1562276,183000,-339072
2022-09-08,-138479,181000,-10509
2022-09-12,76450,-1238000,61836
2022-09-13,-544500,-902000,45441
2022-09-14,-2521303,-184961,-101170
2022-09-15,-972000,14000,-60446
2022-09-16,-2372390,943290,-51661
2022-09-19,-924098,246000,-1645
2022-09-20,-488400,122000,29002
2022-09-21,-452427,101000,-123000
2022-09-22,-3490455,395000,-92903
2022-09-23,-519000,82000,-17156
2022-09-26,-186622,844000,-213
2022-09-27,195964,1066000,-33856
2022-09-28,2908283,574000,-120748
2022-09-29,2223988,351500,98485
2022-09-30,1994691,247000,19227
2022-10-03,184200,421000,-16713
2022-10-04,-213600,114000,78005
2022-10-05,-1520439,44000,21898
2022-10-06,-436441,24000,3374
2022-10-07,-463820,-1971000,42951
2022-10-11,6857,709936,-72213
2022-10-12,1019234,180000,11056
2022-10-13,489805,618000,-20316
2022-10-14,886547,178000,109953
2022-10-17,-38923,334000,80403
2022-10-18,-586084,153000,206545
2022-10-19,-654000,415000,128893
2022-10-20,1944386,1746000,-147320
2022-10-21,931386,329000,19334
2022-10-24,222400,210000,356535
2022-10-25,924583,832000,546538
2022-10-26,431061,249000,462684
2022-10-27,720005,-962000,61479
2022-10-28,403092,365000,-84098
2022-10-31,-33885,44680,30000
2022-11-01,467201,5000,135380
2022-11-02,-93204,-9000,5495
2022-11-03,-818116,170000,-37262
2022-11-04,96000,142000,-19837
2022-11-07,-734528,-35000,32202
2022-11-08,1026365,66000,15000
2022-11-09,-29241,-49000,20000
2022-11-10,-337573,45000,17996
2022-11-11,655131,3000,-29079
2022-11-14,1077839,0,-29490
2022-11-15,-210641,-284000,-141899
2022-11-16,-1499300,-256000,-259791
2022-11-17,-814075,-571000,8000
2022-11-18,1564000,-1172000,-21055
2022-11-21,-1175200,-1308000,34077
2022-11-22,-736669,-851000,13320
2022-11-23,-378662,-367000,310534
2022-11-24,1138000,-387000,206881
2022-11-25,278201,-302000,115000
2022-11-28,-145367,-325000,-35670
2022-11-29,326169,-62000,-30328
2022-11-30,1789124,289954,-714000
2022-12-01,-169179,-527000,-119032
2022-12-02,-349181,80000,-185520
2022-12-05,225595,-417000,3125
2022-12-06,-845547,-104000,3922
2022-12-07,1896470,210000,0
2022-12-08,-459480,328000,-18154
2022-12-09,317894,91000,0
2022-12-12,18533,392000,741
2022-12-13,-1207000,510000,-11072
2022-12-14,44852,398978,179000
2022-12-15,-50044,34000,-90086
2022-12-16,-425546,97000,-172811
2022-12-19,-311154,-220000,-51114
2022-12-20,31926,-1210000,-91141
2022-12-21,-368148,629000,-102066
2022-12-22,65053,0,15000
2022-12-23,-908868,740000,-118820
2022-12-26,252000,-306000,-31219
2022-12-27,304832,-355000,-10000
2022-12-28,-388024,28000,-174993
2022-12-29,-581160,550000,-27000
2022-12-30,312000,3000,-9000
2023-01-03,49082,225000,-29042
2023-01-04,405076,68000,30000
2023-01-05,238539,19000,-64854
2023-01-06,293439,71000,35899
2023-01-09,2489967,298000,40414
2023-01-10,372000,-24000,9000
2023-01-11,-2377884,-143000,154753
2023-01-12,-2395512,155327,73644
2023-01-13,-5818,65000,3969
2023-01-16,780379,-108356,-6000
2023-01-17,189796,-550954,-8042
2023-01-30,286350,110590,65766
2023-01-31,-2559972,-80121,31671
2023-02-01,-671942,-65247,-4605
2023-02-02,32830,135564,-26884
2023-02-03,156397,69039,-29686
2023-02-06,-573596,501385,-20987
2023-02-07,259001,414379,-15993
2023-02-08,-341422,69000,-26000
2023-02-09,-264000,330382,-338
2023-02-10,-133339,416027,-72000
2023-02-13,385000,574000,-76000
2023-02-14,270998,20382,-4000
2023-02-15,-608724,96000,14711
2023-02-16,-184100,482000,14895
2023-02-17,-352867,449383,6000
2023-02-20,30170,118000,-39000
2023-02-21,-219428,130000,-52000
2023-02-22,-604178,740384,-80570
2023-02-23,141336,65000,-10364
2023-02-24,-993288,33384,-60879
2023-03-01,-2880147,532000,-149093
2023-03-02,-907293,834000,-75581
2023-03-03,-500807,304000,-13634
2023-03-06,234918,591000,238000
2023-03-07,-522001,424000,64000
2023-03-08,104674,24000,111000
2023-03-09,-1006700,283000,18000
2023-03-10,-1972868,1370000,-32415
2023-03-13,-256734,1332000,-59000
2023-03-14,-1970417,1301000,72999
2023-03-15,-130688,693000,-252278
2023-03-16,595303,819000,-85000
2023-03-17,-1244150,2873819,-18809
2023-03-20,-475000,550000,67000
2023-03-21,-417511,80000,5999
2023-03-22,648172,1018,-6000
2023-03-23,701207,107855,6000
2023-03-24,811434,385884,-1000
2023-03-27,410915,-16000,-27000
2023-03-28,-346664,98866,42000
2023-03-29,595980,34655,18000
2023-03-30,309788,0,-11062
2023-03-31,244939,-17620,-89000
2023-04-06,-92215,-1000,7000
2023-04-07,73220,66000,-1000
2023-04-10,-24000,39415,7000
2023-04-11,-85047,9000,-7457
2023-04-12,-1881600,-66000,19692
2023-04-13,-444396,36000,1160
2023-04-14,1340826,57000,42174
2023-04-17,-178437,4000,9169
2023-04-18,-482000,137000,91013
2023-04-19,-394000,-206463,127664
2023-04-20,1116753,-103981,260830
2023-04-21,1168503,-138760,7256
2023-04-24,891250,-460616,-14000
2023-04-25,986961,11000,54115
2023-04-26,2569054,332000,377473
2023-04-27,286483,148000,1000
2023-04-28,379760,52000,33000
2023-05-02,125417,71000,72147
2023-05-03,277055,259144,29000
2023-05-04,2117239,381679,102000
2023-05-05,137981,309064,100810
2023-05-08,-290450,486200,76885
2023-05-09,-324780,33000,98998
2023-05-10,-453400,600852,36742
2023-05-11,-285194,350448,0
2023-05-12,-752584,387111,7000
2023-05-15,-773484,647883,191738
2023-05-16,-454318,74844,638895
2023-05-17,1232692,42000,1413050
2023-05-18,-659940,58000,456000
2023-05-19,-229049,46000,117948
2023-05-22,-121855,-286224,-44000
2023-05-23,-589610,-178839,134705
2023-05-24,-892918,310173,393749
2023-05-25,-2476900,142000,291814
2023-05-26,-335950,-112000,62003
2023-05-29,-508000,-303000,93000
2023-05-30,211576,114609,96000
2023-05-31,199716,-350119,307000
2023-06-01,-540922,184042,86098
2023-06-02,1396842,30000,17825
2023-06-05,27841,-441469,82168
2023-06-06,749600,207514,27936
2023-06-07,370869,-27064,63316
2023-06-08,-308400,43218,29997
2023-06-09,-38556,-107449,110585
2023-06-12,-11330,-413000,141333
2023-06-13,323889,-326766,180000
2023-06-14,-730347,-83735,95861
2023-06-15,-1460227,-714340,201990
2023-06-16,-77508,-1487722,102000
2023-06-19,236555,648903,3000
2023-06-20,-342443,-384253,-401028
2023-06-21,-331598,-46316,-351000
2023-06-26,-339384,3000,-30998
2023-06-27,78481,-149495,-180000
2023-06-28,642494,-10409,-592000
2023-06-29,688718,807279,530393
2023-06-30,-1302450,-712000,-291389
2023-07-03,-3721842,-254000,46738
2023-07-04,-292515,-1716786,-7181
2023-07-05,-729360,-45000,-135353
2023-07-06,-2063470,30000,-69823
2023-07-07,-1465207,61000,118115
2023-07-10,-2175000,32000,-53309
2023-07-11,-30730,-179000,10000
2023-07-12,-504282,-432000,-68805
2023-07-13,-735639,-682000,85816
2023-07-14,1196254,-139000,-95000
2023-07-17,-601148,-482000,-80635
2023-07-18,-1073611,-405000,-17702
2023-07-19,-1104374,-358000,562018
2023-07-20,-916816,-285000,31336
2023-07-21,58521,-262000,-18491
2023-07-24,-588910,-456000,-13876
2023-07-25,396362,-84000,6169
2023-07-26,-756887,-99000,-3897
2023-07-27,-297013,-36000,-4000
2023-07-28,-387164,-42000,-658
2023-07-31,-1105335,-33000,-8034
2023-08-01,-285525,19000,92812
2023-08-02,-1971849,104000,-90381
2023-08-04,-786502,53000,-19213
2023-08-07,136903,69000,-47534
2023-08-08,-1488085,78000,-209761
2023-08-09,-985312,44000,9796
2023-08-10,120500,55000,137928
2023-08-11,837228,25000,-13000
2023-08-14,-461871,270391,63648
2023-08-15,-473184,82000,15990
2023-08-16,-437566,172031,-14245
2023-08-17,-50893,144639,-62316
2023-08-18,497763,11000,28023
2023-08-21,40997,20000,305227
2023-08-22,-1078498,4103,310447
2023-08-23,160741,226000,29504
2023-08-24,466408,116000,-47624
2023-08-25,-512281,42000,193958
2023-08-28,-98000,180570,-15248
2023-08-29,399890,27000,390000
2023-08-30,166000,169000,285000
2023-08-31,-1697587,38962,41467
2023-09-01,357102,13093,-15001
2023-09-04,527529,273000,-24031
2023-09-05,-737904,-29333,-127
2023-09-06,-790840,56000,-155000
2023-09-07,-675324,-22000,-114445
2023-09-08,-31608,183000,-39000
2023-09-11,726944,193000,23035
2023-09-12,576360,328000,113000
2023-09-13,289565,88000,8000
2023-09-14,1408139,-3000,45000
2023-09-15,1525446,808830,9995
2023-09-18,-820,76000,-18916
2023-09-19,357594,41000,-62000
2023-09-20,-38118,1000,-67000
2023-09-21,-2541040,85000,-61720
2023-09-22,-161700,-311000,1318
2023-09-25,-112950,228000,-58
2023-09-26,-203060,258848,-75353
2023-09-27,-796130,158728,-166032
2023-09-28,-103153,242000,-9560
2023-10-02,-573185,455866,58
2023-10-03,-282835,7531,32532
2023-10-04,-1681846,151980,-59000
2023-10-05,821168,115274,11758
2023-10-06,137246,213000,1374
2023-10-11,4679610,117000,134242
2023-10-12,1845764,-1000,32000
2023-10-13,-623950,170000,33951
2023-10-16,-60271,270072,12146
2023-10-17,-920996,-399000,-13703
2023-10-18,-922140,456000,199000
2023-10-19,-934642,-850000,41610
2023-10-20,-822690,-450000,-120462
2023-10-23,-248107,-77000,-24809
2023-10-24,54649,362123,-403
2023-10-25,-3239,356000,21639
2023-10-26,170607,106000,60868
2023-10-27,1465971,167000,11000
2023-10-30,278853,589000,127006
2023-10-31,1452854,300000,-4535
2023-11-01,1042176,755366,133000
2023-11-02,503312,990889,6102
2023-11-03,362368,545000,150294
2023-11-06,1280946,509694,109000
2023-11-07,-225680,177406,214000
2023-11-08,2111000,2882,38000
2023-11-09,25742,570968,118304
2023-11-10,362237,184394,87000
2023-11-13,-357652,306441,160002
2023-11-14,-225834,366323,59000
2023-11-15,50212,-213236,47000
2023-11-16,723109,44647,130666
2023-11-17,45839,-96471,46551
2023-11-20,-162872,-46117,102819
2023-11-21,1087862,487208,-26300
2023-11-22,686121,409767,-21434
2023-11-23,-830779,1644401,42000
2023-11-24,-1169050,1471433,88000
2023-11-27,-332971,1480422,56000
2023-11-28,-1363437,1496000,9000
2023-11-29,-49950,1757442,-15000
2023-11-30,-2354367,1997929,49314
2023-12-01,407804,2400443,-21969
2023-12-04,1820109,2279870,55762
2023-12-05,782095,2380000,-50903
2023-12-06,-280337,690000,79999
2023-12-07,253771,-6171,36000
2023-12-08,429264,-42278,26284
2023-12-11,390827,-8660,-13950
2023-12-12,-44664,-4670,62597
2023-12-13,-627245,4443,-876
2023-12-14,729417,59391,-125538
2023-12-15,-818440,31066,12117
2023-12-18,-252320,524438,-107443
2023-12-19,-157479,530444,-160690
2023-12-20,-1056101,727000,-1413
2023-12-21,-837480,362476,226561
2023-12-22,-1045811,41116,167897
2023-12-25,196026,112960,-110400
2023-12-26,32175,525331,-65321
2023-12-27,1180074,-115938,-61000
2023-12-28,744380,-48000,-20000
2023-12-29,389848,-87556,-723359
2024-01-02,693104,609754,-138231
2024-01-03,-359600,176010,64556
2024-01-04,528415,46444,7722
2024-01-05,-13650,0,25262
2024-01-08,781824,-3114,95000
2024-01-09,504010,19000,60000
2024-01-10,639763,-73557,110000
2024-01-11,1869056,-53290,39430
2024-01-12,368229,65443,29000
2024-01-15,513880,66000,61000
2024-01-16,-701292,-202557,115966
2024-01-17,-2445782,716422,881000
2024-01-18,-462707,457824,45833
2024-01-19,283499,219421,113986
2024-01-22,-96377,33328,-41002
2024-01-23,510294,114771,167700
2024-01-24,652185,-36786,-108555
2024-01-25,781971,383574,28740
2024-01-26,475761,161106,-6019
2024-01-29,194547,51442,-25999
2024-01-30,13782,-258377,-1000
2024-01-31,-638624,21385,-4000
2024-02-01,469018,357326,28000
2024-02-02,851277,-859790,59000
2024-02-05,176964,-171402,9758
2024-02-15,-375258,49025,99107
2024-02-16,-304698,-338788,137000
2024-02-19,-1333100,404047,205000
2024-02-20,322441,-66961,-35339
2024-02-21,1303148,346442,180000
2024-02-22,27839,158713,187000
2024-02-23,77047,-114861,46287
2024-02-26,304703,-91181,126000
2024-02-27,-923024,-52826,-1000
2024-02-29,-1538872,156319,125309
2024-03-01,-1592229,-102568,225458
2024-03-04,-472183,-63809,200000
2024-03-05,-958477,-129079,3348
2024-03-06,-106459,31358,30000
2024-03-07,-1304696,-94136,5799
2024-03-08,-33378,-48501,-29635
2024-03-11,93508,100424,-4000
2024-03-12,-96224,-64711,56001
2024-03-13,1088783,-47165,-25000
2024-03-14,361305,-82484,-9000
2024-03-15,323265,-551199,74000
2024-03-18,459934,-284132,9000
2024-03-19,-2246876,-616713,220000
2024-03-20,353834,-378436,41000
2024-03-21,157827,-5555,93000
2024-03-22,1499807,-307066,11000
2024-03-25,-127400,-8169,33000
2024-03-26,1082565,64815,64962
2024-03-27,1999855,-7116,406999
2024-03-28,-610789,-30796,-77000
2024-03-29,624610,-246637,-118002
2024-04-01,1237986,15768,19321
2024-04-02,410288,-19979,-12003
2024-04-03,-1636008,-31968,-85000
2024-04-08,607318,-29861,-11873
2024-04-09,301134,-41812,30224
2024-04-10,628443,-100672,21000
2024-04-11,538084,11000,-41519
2024-04-12,1318140,-77672,-200000
2024-04-15,1009717,-85000,-96277
2024-04-16,-1186372,-63796,-188000
2024-04-17,1189207,-20846,-222405
2024-04-18,423136,3400439,-95112
2024-04-19,-3320953,3349000,-253000
2024-04-22,1135187,4700000,74335
2024-04-23,-3764814,3156000,183309
2024-04-24,-5162646,2589139,105599
2024-04-25,154044,242328,-30501
2024-04-26,-268904,689000,-22000
2024-04-29,309378,535000,-89001
2024-04-30,6211,419328,-25777
2024-05-02,-1384861,1586000,-13000
2024-05-03,-82220,1256255,-31078
2024-05-06,-561896,680553,-37642
2024-05-07,-1007589,643327,-34659
2024-05-08,1405542,-919494,31514
2024-05-09,447843,183474,-2994
2024-05-10,1375729,-962315,11999
2024-05-13,1114134,-8753,11105
2024-05-14,-454357,85861,16387
2024-05-15,881643,87798,227278
2024-05-16,2727800,52502,107157
2024-05-17,879496,235588,31107
2024-05-20,1648567,307267,197999
2024-05-21,-950655,207534,6318
2024-05-22,3508364,882335,-44805
2024-05-23,1039800,641668,-76998
2024-05-24,-380000,645668,-19000
2024-05-27,-3402321,600362,-57000
2024-05-28,-2356432,877349,-63168
2024-05-29,-2160302,-1473091,6185
2024-05-30,-979884,2569000,-267
2024-05-31,-4846698,11545651,-54533
2024-06-03,-3603068,8738691,44548
2024-06-04,-1845306,3450726,44290
2024-06-05,1360500,40136,-58072
2024-06-06,1183858,1183854,-69317
2024-06-07,1074136,884681,-39945
2024-06-11,1976614,35215,-79466
2024-06-12,-40805,-96043,-4000
2024-06-13,852562,-102291,6995
2024-06-14,1522212,272189,-1000
2024-06-17,1389300,-52453,22993
2024-06-18,963054,2355,16711
2024-06-19,1068500,-64370,-96048
2024-06-20,782517,-91000,177000
2024-06-21,2962490,-4355519,-32448
2024-06-24,1349575,1307038,858
2024-06-25,2160900,244000,29433
2024-06-26,586118,481000,23861
2024-06-27,425476,2393000,-62000
2024-06-28,-12140407,23665413,10622
2024-07-01,-9910321,18449137,727250
2024-07-02,-8236779,21861042,-16397
2024-07-03,-17486000,30401096,-295195
2024-07-04,-12995651,20565668,-663886
2024-07-05,-8750787,34803534,-1795495
2024-07-08,-6230885,-4328798,62795
2024-07-09,823300,-2746486,185627
2024-07-10,189050,170000,-358455
2024-07-11,-689780,-272323,-625763
2024-07-12,1860108,8000,-904306
2024-07-15,758136,575000,-677170
2024-07-16,1736114,-2286000,-190692
2024-07-17,3693719,-2211000,118000
2024-07-18,12635140,-1046000,-241416
2024-07-19,1399932,-344000,-28988
2024-07-22,2215096,671694,345469
2024-07-23,617000,1856000,77501
2024-07-26,1477742,1557054,-188144
2024-07-29,564031,1223000,34000
2024-07-30,-475000,3497454,31971
2024-07-31,1918925,311365,-316263
2024-08-01,2065133,1466512,-108256
2024-08-02,2339452,1974725,146000
2024-08-05,198406,5725566,-628148
2024-08-06,11797696,2744203,-345569
2024-08-07,2511517,1492456,-34425
2024-08-08,2141299,1996733,-170673
2024-08-09,2576529,926667,-108116
2024-08-12,1656787,1078541,-64411
2024-08-13,2290466,910452,-27794
2024-08-14,2395256,1874284,-80248
2024-08-15,365787,1738000,193990
2024-08-16,1309708,-149377,-51250
2024-08-19,2597000,1430078,-86346
2024-08-20,2416416,298240,-105061
2024-08-21,3312421,359120,-335786
2024-08-22,2821545,238740,-73444
2024-08-23,2866335,1604360,-83214
2024-08-26,868365,171120,-66260
2024-08-27,1716401,1127120,-122881
2024-08-28,1246800,555562,-8557
2024-08-29,2357947,106243,26852
2024-08-30,2086374,408242,4423
2024-09-02,-40000,1417482,15387
2024-09-03,681113,844344,-108000
2024-09-04,1728740,2812634,-424250
2024-09-05,2025690,1343689,-11935
2024-09-06,1991703,2056873,-11557
2024-09-09,22511,2212554,-147974
2024-09-10,618970,762482,172674
2024-09-11,325857,2621153,-43052
2024-09-12,2083710,1038250,154012
2024-09-13,2124520,1437969,21153
2024-09-16,802000,519822,87320
2024-09-18,-4001601,6399404,229691
2024-09-19,-4779000,5178006,-154793
2024-09-20,-1464646,5839631,-29457
2024-09-23,-3416359,5472000,1068
2024-09-24,-2611366,5439658,-35786
2024-09-25,-3490960,4300060,144650
2024-09-26,-1587380,4794896,177794
2024-09-27,-2400044,4305757,-110705
2024-09-30,1632658,450362,160571
2024-10-01,-2568238,5348432,13206
2024-10-04,-1043201,1482042,-50763
2024-10-07,-1382370,1759622,113533
2024-10-08,2269551,1477739,-31872
2024-10-09,371571,856181,-73200
2024-10-11,33848,16177,-28941
2024-10-14,-177472,1010804,-13561
2024-10-15,328442,229117,-315488
2024-10-16,-184672,491218,23325
2024-10-17,1802627,276000,-11991
2024-10-18,1730972,363362,200340
2024-10-21,282236,843805,80544
2024-10-22,629610,1150559,-101667
2024-10-23,1614697,-153962,-186772
2024-10-24,1107500,453049,-44911
2024-10-25,911214,254427,-50364
2024-10-28,1337100,-240951,61316
2024-10-29,1019906,1463779,-86468
2024-10-30,-250008,95415,150419
2024-11-01,500794,1413236,-69654
2024-11-04,2276747,279618,-108721
2024-11-05,596374,1270000,-7000
2024-11-06,365901,130000,34550
2024-11-07,968447,-140987,-33299
2024-11-08,-357703,130000,52486
2024-11-11,895459,951000,-25228
2024-11-12,-414296,1281236,-107830
2024-11-13,422058,1123308,-167496
2024-11-14,-439830,2221235,-169000
2024-11-15,2620285,-2092000,90956
2024-11-18,-808624,-596383,175640
2024-11-19,1382955,-1573766,88529
2024-11-20,809038,-626000,18907
2024-11-21,756324,270500,8000
2024-11-22,1152713,-878000,-39000
2024-11-25,2756624,-304451,129000
2024-11-26,-727050,579000,48802
2024-11-27,1009947,309000,115936
2024-11-28,-731198,387849,70361
2024-11-29,68416,249000,-90004
2024-12-02,318517,627616,-43427
2024-12-03,166690,-2272000,-1071304
2024-12-04,1725602,-2222000,-162470
2024-12-05,1820653,-2491617,196242
2024-12-06,3111514,-1326617,110437
2024-12-09,391282,654000,190000
2024-12-10,997695,-1086672,86972
2024-12-11,494671,-317713,142000
2024-12-12,858316,-955000,-42000
2024-12-13,1206051,-114868,184004
2024-12-16,2275710,1399912,236298
2024-12-17,-4588101,4575132,149026
2024-12-18,-302824,1442532,-156191
2024-12-19,-1604950,2705132,10086
2024-12-20,-5419658,2899566,148717
2024-12-23,-1037167,2702000,49934
2024-12-24,-2071981,1729000,-18718
2024-12-25,-424710,1500000,44208
2024-12-26,-698014,646000,74126
2024-12-27,-308000,361566,-37209
2024-12-30,-186065,-728302,30882
2024-12-31,-639752,-783739,69847
2025-01-02,2141470,-5007868,-353997
2025-01-03,2956170,-4977000,28114
2025-01-06,4755490,-5418000,-16164
2025-01-07,2898668,-5743000,13722
2025-01-08,3053426,-5506875,58980
2025-01-09,760000,-487000,112500
2025-01-10,-885548,-517000,-108070
2025-01-13,-569385,643000,-68706
2025-01-14,680916,566000,-38514
2025-01-15,-113304,-637000,-125913
2025-01-16,2394942,-1501700,111659
2025-01-17,-813126,1353000,50614
2025-01-20,-996414,-426302,-45062
2025-01-21,1000768,-758000,1471
2025-01-22,-1186912,-493868,207534
2025-02-03,-106828,861842,75526
2025-02-04,632724,-73000,100929
2025-02-05,-439255,-48000,-32232
2025-02-06,442230,-269000,-52977
2025-02-07,499244,-839229,-22608
2025-02-10,-85050,-283806,-283
2025-02-11,-751000,-320000,7063
2025-02-12,2871160,36000,-24290
2025-02-13,-619236,-538000,23169
2025-02-14,-339812,-304000,7637
2025-02-17,-187440,-644000,-29172
2025-02-18,235900,-635000,-23905
2025-02-19,1259000,-2375000,-74318
2025-02-20,1286213,-771812,-57000
2025-02-21,1871212,-386000,11589
2025-02-24,358453,-697000,-124803
2025-02-25,1367480,-1154399,-169452
2025-02-26,1095927,-1672399,40091
2025-02-27,230065,-844356,82639
2025-03-03,1863726,653000,128901
2025-03-04,-710552,269000,20299
2025-03-05,954778,-499000,-172183
2025-03-06,3699651,-329000,27084
2025-03-07,1957786,145000,-15275
2025-03-10,-599837,480000,-69000
2025-03-11,1299345,865000,-212060
2025-03-12,915373,169000,11273
2025-03-13,27196,-15000,79730
2025-03-14,-365662,478000,48285
2025-03-17,-1667634,120000,92398
2025-03-18,2210832,-515000,38897
2025-03-19,605290,-652000,180606
2025-03-20,1154236,278000,36538
2025-03-21,1150431,-7364,-36600
2025-03-24,-1004886,1495000,-71244
2025-03-25,-1005938,120000,24696
2025-03-26,-105039,519000,-55920
2025-03-27,-36362,832000,-75114
2025-03-28,-481500,838000,71909
2025-03-31,359609,363000,235662
2025-04-01,-489791,494000,61933
2025-04-02,573684,381000,-57536
2025-04-07,4647389,34000,-367602
2025-04-08,4707730,1351221,350460
2025-04-09,3803364,4420676,-514199
2025-04-10,2511680,5709000,-150720
2025-04-11,164832,2534208,13785
2025-04-14,2800392,-1760327,-62072
2025-04-15,1640018,-2094005,225539
2025-04-16,8134719,-431900,-396323
2025-04-17,-4934354,-500000,370829
2025-04-18,197411,-987584,358565
2025-04-21,1942000,273000,49287
2025-04-22,-298018,-81000,103541
2025-04-23,4421772,-2611897,-140332
2025-04-24,-316848,509223,-39131
2025-04-25,-1074650,-1505581,-158469
2025-04-28,123020,-1381375,196756
2025-04-29,517186,-1549112,76130
2025-04-30,-515244,-274590,-170887
2025-05-02,-1280264,-337372,18000
2025-05-05,1136959,-482156,5861
2025-05-06,330412,-253794,-63736
2025-05-07,1604396,-267528,-254699
2025-05-08,-6008404,413684,104888
2025-05-09,-1249258,256684,40037
2025-05-12,-423835,-183265,-146000
2025-05-13,-2983864,-668575,8462
2025-05-14,-4431843,-150000,237808
2025-05-15,131210,377045,-43797
2025-05-16,-1948899,-257453,40530
2025-05-19,-1428412,-249316,-33000
2025-05-20,-1675411,968368,-81471
2025-05-21,-2383189,1297000,-172721
2025-05-22,-1467012,251979,-129725
2025-05-23,-2697942,549000,-688913
2025-05-26,-1617810,637684,-180307
2025-05-27,-3726426,-1606758,-183067
2025-05-28,-1631914,-3000000,-21088
2025-05-29,-2310999,-4929207,703268
2025-06-02,-5867293,-421161,539661
2025-06-03,1583829,-14913895,879438
2025-06-04,-4380007,-6067000,798237
2025-06-05,-979841,-4074,3404
2025-06-06,-4780043,-409000,121210
2025-06-09,-1248800,374684,189630
2025-06-10,1083242,-379632,-472
2025-06-11,-968017,454000,264821
2025-06-12,-687606,-294580,286777
2025-06-13,-172334,418242,656463
2025-06-16,848350,-45758,-86063
2025-06-17,2032782,-702316,-156322
2025-06-18,4284915,-415516,-337739
2025-06-19,-117400,168000,-231000
2025-06-20,3328699,-1957910,-141000
2025-06-23,-1102950,-89311,205075
2025-06-24,4909526,-19083516,768194
2025-06-25,4972614,-54758,-157190
2025-06-26,12671073,-17893758,36160
2025-06-27,5114584,-1996000,-300012
2025-06-30,10015709,-10537923,-185452
2025-07-01,9293526,-11407374,835135
2025-07-02,4313119,-7305000,257471
2025-07-03,6357772,-4512000,405000
2025-07-04,-761986,210242,-594182
2025-07-07,1452484,-16518516,1417481
2025-07-08,-2186320,-1783842,-495344
2025-07-09,9634554,-28784505,982819
2025-07-10,-3363757,-103000,-20517
2025-07-11,-4358528,-205000,263762
2025-07-14,-1645543,-485752,-270159
2025-07-15,-7255874,-400682,100520
2025-07-16,-3427738,-397747,203992
2025-07-17,-1575043,-621034,97768
2025-07-18,-3583674,-85010,87156
2025-07-21,-4318249,-356000,125415
2025-07-22,-3634267,-204953,29176
2025-07-23,245321,-27000,230581
2025-07-24,-4991967,-69000,-35008
2025-07-25,-6985599,-47000,159316
2025-07-28,-986292,-23000,14283
2025-07-29,-2290322,-14758,173939
2025-07-30,-1707658,-22000,10839
2025-07-31,-5602780,-59758,56753
2025-08-01,-453137,-43789,2945
2025-08-04,1649899,-27000,-52384
2025-08-05,-641456,-49758,-30992
2025-08-06,-779653,-23183,13326
2025-08-07,-2230780,38000,56730
2025-08-08,1124641,85695,-57651
2025-08-11,-1426493,-78377,-1694
2025-08-12,-2400868,34695,-185730
2025-08-13,-3382226,41456,79501
2025-08-14,-4483613,30534,141000
2025-08-15,-342216,-226772,71304
2025-08-18,2499039,935340,-205646
2025-08-19,-1229312,-30194,-341000
2025-08-20,-413289,627612,303040
2025-08-21,956249,671306,-36550
2025-08-22,-2855245,-10772,106688
2025-08-25,-5192388,12135,18642
2025-08-26,-1235381,-1926,14536
2025-08-27,-2074994,-6000,6119
2025-08-28,-1141831,-87550,-14752
2025-08-29,-4919286,3439000,38212
2025-09-01,-565237,71333,-6
2025-09-02,925220,-1000,-66347
2025-09-03,-709400,-5000,-166165
2025-09-04,-224652,-6775,19534
2025-09-05,-647976,-10775,86060
2025-09-08,1810000,-14324,-152163
2025-09-09,513703,-25775,635980
2025-09-10,-1284670,-39000,-68164
2025-09-11,-992920,-80000,-32841
2025-09-12,296917,318450,127236
2025-09-15,-299965,-614000,-250698
2025-09-16,-1433974,-528988,-554671
2025-09-17,-466562,-1049099,27785
2025-09-18,-124715,-1322000,48746
2025-09-19,-7463733,199933,122498
2025-09-22,1900399,-24003,-152482
2025-09-23,1546099,-266000,-21987
2025-09-24,1156514,-302388,-93237
2025-09-25,-1420083,-39000,-51226
2025-09-26,1605550,-288000,-189185
2025-09-30,8440278,-12394,-580924
2025-10-01,-400041,-95000,-5001
2025-10-02,4869835,21316,-422166
2025-10-03,3015590,-18000,-308005
2025-10-07,3090912,-73000,-116940
2025-10-08,2995259,-76000,-417782
2025-10-09,1490441,-56096,29731
2025-10-13,1435107,10000,64536
2025-10-14,3364497,-5969,-163088
2025-10-15,614686,-166000,-19791
2025-10-16,5400258,-1060000,65337
2025-10-17,6613598,-1429000,77283
2025-10-20,568375,-124000,94090
2025-10-21,319721,-431000,-55758
2025-10-22,2866290,-309000,-169579
2025-10-23,1508080,14000,-193397
2025-10-27,-632391,-436183,253561
2025-10-28,178023,-302000,137215
2025-10-29,49441,-883000,156476
2025-10-30,-1036321,-812000,181673
2025-10-31,1102836,-813015,84070
2025-11-03,3247439,-1348030,-158192
2025-11-04,2564997,-704000,-74585
2025-11-05,-426977,-211030,7549
2025-11-06,1498700,-689000,94162
2025-11-07,3574478,0,-139951
2025-11-10,399359,-110691,71834
2025-11-11,482612,-37000,2913
2025-11-12,1764288,-335000,-14594
2025-11-13,-8055643,-381004,17275
2025-11-14,448210,-2000,71060
2025-11-17,-1536875,-503456,40727
2025-11-18,-471984,-149000,198909
2025-11-19,-1573447,106309,-90697
2025-11-20,537755,-1382,22276
2025-11-21,210128,-69000,223731
2025-11-24,102425,475892,150534
2025-11-25,-1383101,1834000,20287
2025-11-26,647245,2028309,28450
2025-11-27,-2270592,2583000,6994
2025-11-28,-853998,-40000,166203
2025-12-01,-902966,-82000,44624
2025-12-02,-3506266,29000,55222
2025-12-03,-2123683,-476000,57663
2025-12-04,-4203301,-346000,76513
2025-12-05,-3019172,-186000,134402
2025-12-08,-2963688,-353015,59495
2025-12-09,-6147588,-7000,20405
2025-12-10,-2253411,-15523,42215
2025-12-11,-928529,3691,-38917
2025-12-12,-1966699,31970,102577
2025-12-15,-2548455,415000,65007
2025-12-16,-2385639,292000,8381
2025-12-17,-4632565,225000,6054
2025-12-18,-2411442,113000,56480
2025-12-19,-30418603,29799003,11782
2025-12-22,-29416833,27280000,-97255
2025-12-23,-24210968,27626000,349952
2025-12-24,-18441000,25859540,-294822
2025-12-26,-7308123,24196000,-2200374
2025-12-29,-980955,2475970,288102
2025-12-30,-2253562,2415000,672688
2025-12-31,-4262609,3444510,483987
2026-01-02,-4291250,992313,549216
2026-01-05,-3479143,1091000,242989
2026-01-06,-2993664,201000,191698
2026-01-07,54110,-169281,-383804
2026-01-08,333612,-1899000,213615
2026-01-09,1267410,-931282,22000
2026-01-12,423786,-1436627,178000
2026-01-13,577552,-1656314,-53000
2026-01-14,507556,-1690000,-41620
2026-01-15,2088833,-329000,-2027
2026-01-16,-640250,-823312,-30149
2026-01-19,2841623,-1162813,-56000
2026-01-20,-409906,-162988,-7637
2026-01-21,-126563,-528830,1072701
2026-01-22,228421,-1014879,72000
2026-01-23,494168,-992944,-69000
2026-01-26,1313678,-295964,-554950
2026-01-27,-2269655,-1017606,-462897
2026-01-28,-1096525,-399652,-22000
2026-01-29,-596913,-631880,-13869
2026-01-30,-815324,-447940,51000
2026-02-02,-2460240,220226,8975
2026-02-03,-1097656,59556,6217
2026-02-04,-1424811,-42360,36661
2026-02-05,48555,116000,-76530
2026-02-06,34327,84120,140723
2026-02-09,-939709,-359000,-283000
2026-02-10,1406459,-70000,-264008
2026-02-11,1068400,-157000,-702658
2026-02-23,4498928,-980000,-379043
2026-02-24,3842385,-1248944,-416666
2026-02-25,2945302,-1738880,-452282
2026-02-26,290113,-1399015,-196660
2026-03-02,6229164,69060,17369
2026-03-03,4352426,89060,-47014
2026-03-04,1245073,-16000,31392
2026-03-05,-1090072,-1292760,133469
2026-03-06,44211,42000,62174
2026-03-09,4231262,177373,762529
2026-03-10,-264041,77313,114036
2026-03-11,-2796660,2000,-115197
2026-03-12,-479404,-1345000,-76000
2026-03-13,-888601,-15000,-73000
2026-03-16,2977409,-331988,-28988
2026-03-17,5169984,-118000,118572
2026-03-18,6881304,-1282686,-7980
2026-03-19,1550405,-313000,195760
2026-03-20,1407436,-507668,47000
2026-03-23,3509171,61771,660273
2026-03-24,2991514,19000,189988
2026-03-25,3035222,-1277574,175834
2026-03-26,1090462,-22527,42463
2026-03-27,2250566,-91830,291784
2026-03-30,3165696,51318,723784
2026-03-31,312809,617001,1409195
2026-04-01,830561,250229,269836
2026-04-02,1099150,471261,879000
2026-04-07,853988,384619,339008
2026-04-08,1014234,814147,166751
2026-04-09,4513490,1029319,-238000
2026-04-10,2275009,265554,-239000
2026-04-13,4150817,-602595,-64260
2026-04-14,4502168,-149467,-157257
2026-04-15,3623123,-477615,-302000
2026-04-16,5084326,-202604,-83000
2026-04-17,9525003,-1006022,-329172
2026-04-20,-1122342,456314,-107378
2026-04-21,-1106352,672785,107081
2026-04-22,1192058,595953,197588
2026-04-23,-1660676,481946,186258
2026-04-24,-6181537,1431518,-160306
2026-04-27,-624921,-1758299,-684000
2026-04-28,-3192787,-356196,-408847
2026-04-29,3856242,-1252216,49486
2026-04-30,-59818,-1499760,-60000
2026-05-04,-1622506,-758359,-133786
2026-05-05,3950917,-7238,-135000
2026-05-06,649363,-632013,-121798
2026-05-07,1229411,-358064,35012
2026-05-08,2494025,-840738,4972
2026-05-11,610636,-129506,-237817
2026-05-12,587089,-739006,-329000
2026-05-13,3198996,-412751,-252157
2026-05-14,13086457,563000,-363450
2026-05-15,3585784,-307721,127000
2026-05-18,5850671,-180000,212836
2026-05-19,13020658,1846871,118612
2026-05-20,1037518,2474000,53000
2026-05-21,-6997665,6197000,75254
2026-05-22,-8443923,4771423,-194658
2026-05-25,-7556132,4967000,-55042
2026-05-26,-11129340,5075000,216338
2026-05-27,-5979969,3331000,96285
2026-05-28,-1267648,2368153,10580
2026-05-29,-5678327,3505800,-31000
2026-06-01,1010655,3417000,-123799
2026-06-02,-2332166,6063000,-313855
2026-06-03,1110285,3647703,-137514
2026-06-04,2891355,-131297,-48649
2026-06-05,1216865,285119,-46397
2026-06-08,1919395,450000,91715
2026-06-09,10294644,230000,-295000
2026-06-10,6137889,71013,8687
2026-06-11,11549496,229304,-10628
2026-06-12,2675537,-58845,-136047
2026-06-15,561091,-25250,-149512
2026-06-16,4239684,287703,-523000
2026-06-17,-635030,423677,-5040
2026-06-18,1403285,-428632,-92000
2026-06-22,-1089102,240615,634000
2026-06-23,2642994,-225874,-304715
2026-06-24,3061548,691000,-134935
2026-06-25,3773539,337000,-130522
2026-06-26,-3034792,3665309,376584
2026-06-29,-5363107,5207862,169795
2026-06-30,-8399777,4995272,252647
2026-07-01,-8945840,3877565,99253
2026-07-02,-10885465,5034093,382220
2026-07-03,-10184690,4558075,549962
2026-07-06,-3005787,4612657,207748
2026-07-07,-8257473,4305221,860187
2026-07-08,-8543435,1095157,-1443168
2026-07-09,24916183,-18570,-1417948
2026-07-13,9723733,559758,299131
2026-07-14,7364225,667867,1471702
2026-07-15,2585222,-814777,-742603
2026-07-16,12363083,-3207182,9512
2026-07-17,14731552,-4947629,1510886
2026-07-20,4798233,-759397,1027410
2026-07-21,10647424,-2373001,223691
2026-07-22,4271576,-2035023,-162903
2026-07-23,4585892,-1243427,-32000
2026-07-24,8958524,323800,-19288
2026-07-27,6845837,122807,247730
2026-07-28,5641691,480259,661153
2026-07-29,3819903,181550,365738
2026-07-30,5458950,55650,200335
2026-07-31,5165819,1491610,99427
2026-08-03,22304,-900047,-123175
2026-08-04,-2596700,-945638,99358
2026-08-05,113857,-31845,-152762
2026-08-06,-1068921,47000,13969
2026-08-07,1724407,105063,8989
2026-08-10,-2005204,-73239,-54480
2026-08-11,-1945725,122264,203396
2026-08-12,598224,91317,19078
2026-08-13,-6549927,-664973,23926
2026-08-14,-1948626,-257050,-82816
2026-08-17,9678518,-877772,-251036
2026-08-18,2941517,200210,-42020
2026-08-19,18646206,51000,-458967
2026-08-20,8575685,1906000,-344000
2026-08-21,6002570,32481,-55077
2026-08-24,5735361,12741,-13000
2026-08-25,5421346,680210,-392018
2026-08-26,4946138,-291224,-32144
2026-08-27,2231616,-48466,-292396
2026-08-28,1265344,-6259,-140132
2026-08-31,2566945,194974,-297342
2026-09-01,1129836,949244,-247662
2026-09-02,3538775,81263,-113099
2026-09-03,8687824,1205000,-287862
2026-09-04,2166757,375000,-92602
2026-09-07,392413,-7398,33285
2026-09-08,2986160,-13876,-24446
2026-09-09,3244508,905947,-177941
2026-09-10,1515639,15041,-137005
2026-09-11,2846660,60163,-166976
2026-09-14,1956373,-112000,3011
2026-09-15,2396812,-46000,-191870
2026-09-16,2247997,425061,-522407
2026-09-17,762211,51000,-33300
2026-09-18,-333734,2148492,54543
2026-09-21,2391247,18584,35000
2026-09-22,3839922,-196553,299959
2026-09-23,1316372,-15000,150014
2026-09-24,1434392,-233000,-234870
2026-09-29,-211031,0,129509
2026-09-30,1445390,-320998,403873
2026-10-01,2259929,-852000,201419
2026-10-02,558811,773215,350866
2026-10-05,-1292546,-36518,55927
