code,name,start,end
1101,台泥,,2025-09-19
1216,統一,,
1301,台塑,,2026-06-18
1303,南亞,,
1326,台化,,2025-03-21
1590,亞德客-KY,,2024-12-20
2002,中鋼,,2026-06-18
2059,川湖,2025-09-22,
2207,和泰車,,2026-06-18
2301,光寶科,,
2303,聯電,,
2308,台達電,,
2317,鴻海,,
2327,國巨,,
2330,台積電,,
2344,華邦電,2026-03-23,
2345,智邦,,
2357,華碩,,
2360,致茂,2025-12-22,
2368,金像電,2026-03-23,
2379,瑞昱,,2026-03-20
2382,廣達,,
2383,台光電,2025-06-23,
2395,研華,,
2408,南亞科,,2024-09-20
2408,南亞科,2025-12-22,
2412,中華電,,
2449,京元電子,2026-03-23,
2454,聯發科,,
2603,長榮,,
2609,陽明,2024-12-23,2025-12-19
2615,萬海,2025-03-24,2026-03-20
2801,彰銀,,2024-06-21
2880,華南金,,
2881,富邦金,,
2882,國泰金,,
2883,凱基金,,
2884,玉山金,,
2885,元大金,,
2886,兆豐金,,
2887,台新金,,
2890,永豐金,,
2891,中信金,,
2892,第一金,,
2912,統一超,,2026-03-20
3008,大立光,,
3017,奇鋐,2024-06-24,
3034,聯詠,,2026-03-20
3037,欣興,,2025-06-20
3037,欣興,2026-03-23,
3045,台灣大,,
3231,緯創,,
3443,創意,2026-06-19,
3653,健策,2025-12-22,
3661,世芯-KY,2024-03-18,2026-09-18
3665,貿聯-KY,2025-12-22,2026-03-20
3665,貿聯-KY,2026-06-19,
3711,日月光投控,,
4904,遠傳,,
4938,和碩,,2025-12-19
4958,臻鼎-KY,2026-06-19,
5871,中租-KY,,2025-12-19
5876,上海商銀,,2025-12-19
5880,合庫金,,
6446,藥華藥,2024-09-23,2025-09-19
6446,藥華藥,2026-09-21,
6505,台塑化,,
6669,緯穎,,
6919,康霈*,2025-09-22,2026-06-18
7769,鴻勁,2026-03-23,
8046,南電,2026-06-19,
9910,豐泰,,2024-03-15
